id_chamado,data_abertura,data_fechamento,categoria,prioridade,status,setor_solicitante,tecnico_responsavel,equipe,tempo_resolucao_horas,sla_meta_horas,dentro_sla
INC-02379,2024-01-03 10:35,2024-01-03 12:35,Rede/Internet,Crítica,Resolvido,RH,Carlos Lima,N1,2.0,4,Sim
INC-01795,2024-01-04 17:35,2024-01-04 20:29,Software,Média,Resolvido,Logística,Bruno Reis,N2,2.9,24,Sim
INC-00335,2024-01-08 07:37,2024-01-08 17:37,Acesso/Senha,Baixa,Resolvido,Logística,Fernanda Cruz,N3,10.0,48,Sim
INC-01703,2024-01-08 09:45,2024-01-08 11:27,Acesso/Senha,Média,Resolvido,Logística,Fernanda Cruz,N3,1.7,24,Sim
INC-02461,2024-01-09 07:48,2024-01-09 16:18,Acesso/Senha,Baixa,Resolvido,Operações,Diego Alves,N2,8.5,48,Sim
INC-01103,2024-01-09 11:37,2024-01-11 12:49,Software,Baixa,Resolvido,Logística,Bruno Reis,N2,49.2,48,Não
INC-01210,2024-01-09 11:50,2024-01-09 14:02,Acesso/Senha,Baixa,Resolvido,TI,Bruno Reis,N2,2.2,48,Sim
INC-02060,2024-01-09 13:05,2024-01-10 05:29,Sistema Interno,Média,Resolvido,Financeiro,Bruno Reis,N2,16.4,24,Sim
INC-02486,2024-01-10 07:44,2024-01-10 09:14,Software,Média,Resolvido,Comercial,Carlos Lima,N1,1.5,24,Sim
INC-02361,2024-01-10 09:42,2024-01-10 09:54,Hardware,Alta,Resolvido,RH,Carlos Lima,N1,0.2,8,Sim
INC-02363,2024-01-10 13:32,2024-01-12 10:26,Hardware,Baixa,Resolvido,Logística,Carlos Lima,N1,44.9,48,Sim
INC-00029,2024-01-11 11:53,2024-01-11 12:23,Software,Crítica,Resolvido,Financeiro,Diego Alves,N2,0.5,4,Sim
INC-00962,2024-01-12 08:23,2024-01-13 11:11,Sistema Interno,Baixa,Resolvido,Financeiro,Ana Souza,N1,26.8,48,Sim
INC-01620,2024-01-12 09:11,2024-01-12 13:05,Acesso/Senha,Média,Resolvido,RH,Ana Souza,N1,3.9,24,Sim
INC-01141,2024-01-15 07:40,2024-01-15 08:46,Email,Baixa,Resolvido,Diretoria,Diego Alves,N2,1.1,48,Sim
INC-00018,2024-01-15 10:08,2024-01-15 12:02,Software,Média,Resolvido,TI,Bruno Reis,N2,1.9,24,Sim
INC-02186,2024-01-15 12:34,2024-01-15 14:46,Acesso/Senha,Alta,Resolvido,TI,Bruno Reis,N2,2.2,8,Sim
INC-02289,2024-01-15 15:07,2024-01-15 16:19,Software,Crítica,Resolvido,TI,Fernanda Cruz,N3,1.2,4,Sim
INC-01561,2024-01-15 17:26,2024-01-15 18:56,Rede/Internet,Baixa,Resolvido,Financeiro,Ana Souza,N1,1.5,48,Sim
INC-01617,2024-01-16 09:29,2024-01-16 15:53,Software,Média,Resolvido,Logística,Fernanda Cruz,N3,6.4,24,Sim
INC-02294,2024-01-16 13:22,2024-01-16 14:40,Acesso/Senha,Baixa,Resolvido,RH,Ana Souza,N1,1.3,48,Sim
INC-01546,2024-01-16 17:14,2024-01-16 17:44,Sistema Interno,Baixa,Resolvido,TI,Carlos Lima,N1,0.5,48,Sim
INC-02442,2024-01-17 07:22,2024-01-17 20:10,Impressora,Média,Resolvido,Logística,Carlos Lima,N1,12.8,24,Sim
INC-00861,2024-01-18 10:05,2024-01-18 20:35,Software,Baixa,Resolvido,RH,Diego Alves,N2,10.5,48,Sim
INC-01127,2024-01-18 13:58,2024-01-18 14:10,Acesso/Senha,Alta,Resolvido,TI,Ana Souza,N1,0.2,8,Sim
INC-02419,2024-01-18 14:59,2024-01-18 21:05,Email,Baixa,Resolvido,TI,Ana Souza,N1,6.1,48,Sim
INC-01861,2024-01-19 09:22,2024-01-19 19:34,Rede/Internet,Alta,Resolvido,RH,Bruno Reis,N2,10.2,8,Não
INC-01097,2024-01-19 15:27,2024-01-19 18:57,Software,Alta,Resolvido,Financeiro,Bruno Reis,N2,3.5,8,Sim
INC-02018,2024-01-20 08:05,2024-01-20 08:17,Acesso/Senha,Alta,Resolvido,RH,Bruno Reis,N2,0.2,8,Sim
INC-01054,2024-01-20 10:06,2024-01-20 14:24,Email,Baixa,Resolvido,Financeiro,Carlos Lima,N1,4.3,48,Sim
INC-00397,2024-01-21 10:03,2024-01-21 17:21,Software,Média,Resolvido,Financeiro,Ana Souza,N1,7.3,24,Sim
INC-02441,2024-01-22 08:54,2024-01-22 11:48,Software,Média,Resolvido,Financeiro,Fernanda Cruz,N3,2.9,24,Sim
INC-01908,2024-01-22 09:59,2024-01-22 12:53,Email,Baixa,Resolvido,Diretoria,Diego Alves,N2,2.9,48,Sim
INC-01616,2024-01-22 11:09,2024-01-22 11:39,Acesso/Senha,Crítica,Resolvido,RH,Fernanda Cruz,N3,0.5,4,Sim
INC-01095,2024-01-22 12:51,2024-01-22 13:33,Email,Média,Resolvido,Comercial,Bruno Reis,N2,0.7,24,Sim
INC-00740,2024-01-22 14:46,2024-01-22 17:52,Impressora,Média,Resolvido,RH,Fernanda Cruz,N3,3.1,24,Sim
INC-02303,2024-01-23 11:19,2024-01-23 17:49,Rede/Internet,Média,Resolvido,Operações,Bruno Reis,N2,6.5,24,Sim
INC-02121,2024-01-23 12:44,2024-01-24 07:38,Sistema Interno,Média,Resolvido,Diretoria,Fernanda Cruz,N3,18.9,24,Sim
INC-01644,2024-01-23 13:29,2024-01-23 20:11,Hardware,Baixa,Resolvido,Financeiro,Fernanda Cruz,N3,6.7,48,Sim
INC-01487,2024-01-23 13:58,2024-01-23 14:10,Acesso/Senha,Alta,Resolvido,Financeiro,Bruno Reis,N2,0.2,8,Sim
INC-01827,2024-01-24 12:25,2024-01-24 15:01,Acesso/Senha,Média,Resolvido,RH,Diego Alves,N2,2.6,24,Sim
INC-01596,2024-01-24 16:06,2024-01-24 17:42,Email,Alta,Resolvido,Financeiro,Carlos Lima,N1,1.6,8,Sim
INC-00750,2024-01-25 08:09,2024-01-26 03:33,Rede/Internet,Média,Resolvido,Financeiro,Bruno Reis,N2,19.4,24,Sim
INC-00579,2024-01-25 09:21,2024-01-25 12:15,Acesso/Senha,Média,Resolvido,RH,Bruno Reis,N2,2.9,24,Sim
INC-01019,2024-01-25 11:42,2024-01-25 19:30,Rede/Internet,Média,Resolvido,Financeiro,Bruno Reis,N2,7.8,24,Sim
INC-02272,2024-01-25 11:58,2024-01-25 17:52,Software,Baixa,Resolvido,Financeiro,Ana Souza,N1,5.9,48,Sim
INC-00373,2024-01-25 12:33,2024-01-26 22:45,Rede/Internet,Baixa,Resolvido,Logística,Carlos Lima,N1,34.2,48,Sim
INC-02401,2024-01-25 13:33,2024-01-25 19:15,Acesso/Senha,Baixa,Resolvido,Logística,Fernanda Cruz,N3,5.7,48,Sim
INC-02498,2024-01-26 10:03,2024-01-26 10:15,Software,Baixa,Resolvido,Logística,Carlos Lima,N1,0.2,48,Sim
INC-00502,2024-01-26 15:26,2024-01-26 17:56,Impressora,Alta,Resolvido,RH,Bruno Reis,N2,2.5,8,Sim
INC-00047,2024-01-29 09:29,2024-01-30 18:53,Rede/Internet,Baixa,Resolvido,RH,Diego Alves,N2,33.4,48,Sim
INC-01289,2024-01-29 10:31,2024-01-29 14:19,Rede/Internet,Crítica,Resolvido,Financeiro,Diego Alves,N2,3.8,4,Sim
INC-01758,2024-01-29 13:07,2024-01-29 13:19,Acesso/Senha,Alta,Resolvido,Comercial,Fernanda Cruz,N3,0.2,8,Sim
INC-01413,2024-01-30 09:20,2024-01-30 11:14,Acesso/Senha,Média,Resolvido,Operações,Carlos Lima,N1,1.9,24,Sim
INC-01160,2024-01-31 12:17,2024-01-31 21:59,Acesso/Senha,Média,Resolvido,RH,Fernanda Cruz,N3,9.7,24,Sim
INC-02064,2024-02-01 08:33,2024-02-01 09:27,Acesso/Senha,Crítica,Resolvido,Financeiro,Bruno Reis,N2,0.9,4,Sim
INC-02391,2024-02-01 08:50,2024-02-01 18:02,Rede/Internet,Alta,Resolvido,Comercial,Bruno Reis,N2,9.2,8,Não
INC-01330,2024-02-02 10:32,2024-02-02 10:44,Rede/Internet,Média,Resolvido,TI,Fernanda Cruz,N3,0.2,24,Sim
INC-01792,2024-02-04 14:46,2024-02-04 21:28,Rede/Internet,Alta,Resolvido,Comercial,Carlos Lima,N1,6.7,8,Sim
INC-01118,2024-02-05 10:03,2024-02-07 03:33,Hardware,Média,Resolvido,Comercial,Fernanda Cruz,N3,41.5,24,Não
INC-02142,2024-02-05 11:25,2024-02-05 16:25,Rede/Internet,Alta,Resolvido,RH,Diego Alves,N2,5.0,8,Sim
INC-00124,2024-02-05 11:39,2024-02-05 13:39,Rede/Internet,Média,Resolvido,TI,Bruno Reis,N2,2.0,24,Sim
INC-01070,2024-02-05 11:55,2024-02-05 13:07,Email,Baixa,Resolvido,Diretoria,Carlos Lima,N1,1.2,48,Sim
INC-00033,2024-02-07 07:27,2024-02-08 01:33,Software,Baixa,Resolvido,Financeiro,Diego Alves,N2,18.1,48,Sim
INC-00161,2024-02-07 15:57,2024-02-07 17:45,Acesso/Senha,Baixa,Resolvido,Financeiro,Diego Alves,N2,1.8,48,Sim
INC-02393,2024-02-08 07:31,2024-02-08 08:01,Acesso/Senha,Alta,Resolvido,Diretoria,Bruno Reis,N2,0.5,8,Sim
INC-00320,2024-02-08 09:59,2024-02-08 18:11,Hardware,Baixa,Resolvido,TI,Bruno Reis,N2,8.2,48,Sim
INC-01321,2024-02-08 13:12,2024-02-08 15:06,Software,Alta,Resolvido,RH,Diego Alves,N2,1.9,8,Sim
INC-00595,2024-02-08 14:19,2024-02-09 05:37,Rede/Internet,Baixa,Resolvido,Logística,Ana Souza,N1,15.3,48,Sim
INC-02056,2024-02-09 07:04,2024-02-09 08:10,Rede/Internet,Alta,Resolvido,Financeiro,Bruno Reis,N2,1.1,8,Sim
INC-02090,2024-02-12 08:55,2024-02-12 12:55,Email,Alta,Resolvido,Comercial,Fernanda Cruz,N3,4.0,8,Sim
INC-01675,2024-02-12 13:51,2024-02-12 19:39,Rede/Internet,Média,Resolvido,Diretoria,Ana Souza,N1,5.8,24,Sim
INC-00285,2024-02-13 09:04,2024-02-13 17:58,Sistema Interno,Baixa,Resolvido,TI,Carlos Lima,N1,8.9,48,Sim
INC-01556,2024-02-14 08:05,2024-02-14 09:41,Hardware,Crítica,Resolvido,RH,Fernanda Cruz,N3,1.6,4,Sim
INC-02278,2024-02-14 10:36,2024-02-14 11:42,Acesso/Senha,Baixa,Resolvido,Operações,Carlos Lima,N1,1.1,48,Sim
INC-02250,2024-02-14 12:37,2024-02-14 19:13,Sistema Interno,Média,Resolvido,RH,Bruno Reis,N2,6.6,24,Sim
INC-01190,2024-02-14 13:08,2024-02-14 16:08,Email,Baixa,Resolvido,TI,Bruno Reis,N2,3.0,48,Sim
INC-00014,2024-02-15 08:38,2024-02-15 15:44,Software,Média,Resolvido,Logística,Fernanda Cruz,N3,7.1,24,Sim
INC-02015,2024-02-15 10:52,2024-02-15 14:22,Email,Baixa,Resolvido,Comercial,Bruno Reis,N2,3.5,48,Sim
INC-01737,2024-02-16 07:18,2024-02-16 10:54,Impressora,Alta,Resolvido,RH,Fernanda Cruz,N3,3.6,8,Sim
INC-01722,2024-02-16 13:13,2024-02-16 18:01,Software,Baixa,Resolvido,Diretoria,Carlos Lima,N1,4.8,48,Sim
INC-02487,2024-02-19 09:53,2024-02-19 15:05,Acesso/Senha,Média,Resolvido,Operações,Ana Souza,N1,5.2,24,Sim
INC-00749,2024-02-19 12:10,2024-02-19 12:22,Acesso/Senha,Média,Resolvido,Financeiro,Fernanda Cruz,N3,0.2,24,Sim
INC-00849,2024-02-19 12:39,2024-02-20 04:15,Hardware,Baixa,Resolvido,Logística,Carlos Lima,N1,15.6,48,Sim
INC-01574,2024-02-19 15:14,2024-02-23 15:02,Sistema Interno,Baixa,Resolvido,TI,Carlos Lima,N1,95.8,48,Não
INC-00255,2024-02-20 08:33,2024-02-20 19:51,Rede/Internet,Média,Resolvido,Diretoria,Bruno Reis,N2,11.3,24,Sim
INC-01705,2024-02-20 12:33,2024-02-20 14:09,Acesso/Senha,Baixa,Resolvido,Logística,Ana Souza,N1,1.6,48,Sim
INC-01113,2024-02-20 12:40,2024-02-20 17:22,Acesso/Senha,Baixa,Resolvido,Diretoria,Ana Souza,N1,4.7,48,Sim
INC-00188,2024-02-21 14:36,2024-02-22 08:54,Hardware,Média,Resolvido,Operações,Diego Alves,N2,18.3,24,Sim
INC-00115,2024-02-21 18:17,2024-02-22 03:17,Hardware,Média,Resolvido,Financeiro,Diego Alves,N2,9.0,24,Sim
INC-00142,2024-02-22 07:43,2024-02-22 22:37,Software,Alta,Resolvido,TI,Carlos Lima,N1,14.9,8,Não
INC-00238,2024-02-23 08:59,2024-02-23 10:11,Email,Alta,Resolvido,TI,Bruno Reis,N2,1.2,8,Sim
INC-00240,2024-02-23 11:22,2024-02-23 12:10,Rede/Internet,Baixa,Resolvido,Diretoria,Ana Souza,N1,0.8,48,Sim
INC-01006,2024-02-23 12:23,2024-02-23 13:59,Email,Baixa,Resolvido,Comercial,Ana Souza,N1,1.6,48,Sim
INC-00840,2024-02-24 11:30,2024-02-24 12:18,Impressora,Baixa,Resolvido,Operações,Fernanda Cruz,N3,0.8,48,Sim
INC-00701,2024-02-26 09:30,2024-02-26 12:24,Hardware,Crítica,Resolvido,Operações,Bruno Reis,N2,2.9,4,Sim
INC-00671,2024-02-26 09:50,2024-02-26 10:26,Acesso/Senha,Crítica,Resolvido,Financeiro,Fernanda Cruz,N3,0.6,4,Sim
INC-01056,2024-02-26 09:59,2024-02-26 11:29,Rede/Internet,Alta,Resolvido,Operações,Ana Souza,N1,1.5,8,Sim
INC-00851,2024-02-26 13:16,2024-02-26 19:22,Impressora,Média,Resolvido,Operações,Fernanda Cruz,N3,6.1,24,Sim
INC-00455,2024-02-26 14:10,2024-02-26 15:10,Acesso/Senha,Baixa,Resolvido,Financeiro,Carlos Lima,N1,1.0,48,Sim
INC-01332,2024-02-26 14:29,2024-02-26 14:41,Email,Média,Resolvido,Diretoria,Carlos Lima,N1,0.2,24,Sim
INC-00664,2024-02-27 10:20,2024-02-27 18:14,Email,Média,Resolvido,Comercial,Fernanda Cruz,N3,7.9,24,Sim
INC-01301,2024-02-27 10:50,2024-02-27 13:50,Hardware,Alta,Resolvido,RH,Bruno Reis,N2,3.0,8,Sim
INC-00879,2024-02-27 11:15,2024-02-27 18:03,Software,Baixa,Resolvido,Financeiro,Ana Souza,N1,6.8,48,Sim
INC-00492,2024-02-27 11:38,2024-02-28 01:14,Hardware,Média,Resolvido,RH,Diego Alves,N2,13.6,24,Sim
INC-01215,2024-02-28 07:59,2024-02-28 09:41,Acesso/Senha,Alta,Resolvido,Comercial,Bruno Reis,N2,1.7,8,Sim
INC-02316,2024-02-28 08:09,2024-02-29 05:51,Software,Média,Resolvido,RH,Ana Souza,N1,21.7,24,Sim
INC-01712,2024-02-28 10:16,2024-02-29 00:46,Rede/Internet,Baixa,Resolvido,Operações,Ana Souza,N1,14.5,48,Sim
INC-01483,2024-02-28 10:48,2024-02-28 15:54,Hardware,Média,Resolvido,RH,Diego Alves,N2,5.1,24,Sim
INC-01038,2024-03-01 07:50,2024-03-02 11:50,Hardware,Baixa,Resolvido,Logística,Diego Alves,N2,28.0,48,Sim
INC-02180,2024-03-04 09:59,2024-03-04 12:23,Acesso/Senha,Média,Resolvido,Operações,Bruno Reis,N2,2.4,24,Sim
INC-00067,2024-03-04 17:07,2024-03-04 18:07,Acesso/Senha,Média,Resolvido,RH,Diego Alves,N2,1.0,24,Sim
INC-00956,2024-03-05 09:51,2024-03-05 13:03,Software,Baixa,Resolvido,RH,Diego Alves,N2,3.2,48,Sim
INC-00306,2024-03-06 17:07,2024-03-06 18:19,Acesso/Senha,Baixa,Resolvido,Diretoria,Fernanda Cruz,N3,1.2,48,Sim
INC-01366,2024-03-07 10:34,2024-03-08 08:46,Rede/Internet,Baixa,Resolvido,Logística,Fernanda Cruz,N3,22.2,48,Sim
INC-02046,2024-03-07 11:59,2024-03-07 13:35,Rede/Internet,Crítica,Resolvido,RH,Fernanda Cruz,N3,1.6,4,Sim
INC-00371,2024-03-07 12:27,2024-03-07 23:45,Rede/Internet,Baixa,Resolvido,Comercial,Diego Alves,N2,11.3,48,Sim
INC-00388,2024-03-11 08:11,2024-03-11 10:53,Acesso/Senha,Média,Resolvido,Diretoria,Fernanda Cruz,N3,2.7,24,Sim
INC-02305,2024-03-11 08:17,2024-03-11 09:41,Acesso/Senha,Média,Resolvido,RH,Bruno Reis,N2,1.4,24,Sim
INC-00728,2024-03-11 10:11,2024-03-11 12:35,Acesso/Senha,Alta,Resolvido,Logística,Fernanda Cruz,N3,2.4,8,Sim
INC-01473,2024-03-11 10:49,2024-03-11 13:13,Acesso/Senha,Média,Resolvido,Diretoria,Carlos Lima,N1,2.4,24,Sim
INC-00091,2024-03-11 11:10,2024-03-11 11:40,Email,Alta,Resolvido,TI,Bruno Reis,N2,0.5,8,Sim
INC-01660,2024-03-11 12:20,2024-03-11 15:38,Acesso/Senha,Baixa,Resolvido,Operações,Carlos Lima,N1,3.3,48,Sim
INC-00716,2024-03-11 12:23,2024-03-11 12:35,Acesso/Senha,Média,Resolvido,Diretoria,Carlos Lima,N1,0.2,24,Sim
INC-00815,2024-03-11 19:02,2024-03-11 21:02,Impressora,Média,Resolvido,Financeiro,Fernanda Cruz,N3,2.0,24,Sim
INC-00347,2024-03-12 08:30,2024-03-12 10:00,Acesso/Senha,Alta,Resolvido,Logística,Ana Souza,N1,1.5,8,Sim
INC-00110,2024-03-12 09:08,2024-03-12 10:14,Acesso/Senha,Alta,Resolvido,Logística,Bruno Reis,N2,1.1,8,Sim
INC-01524,2024-03-12 09:26,2024-03-12 12:32,Hardware,Alta,Resolvido,TI,Bruno Reis,N2,3.1,8,Sim
INC-01423,2024-03-12 11:03,2024-03-12 12:57,Hardware,Baixa,Resolvido,TI,Bruno Reis,N2,1.9,48,Sim
INC-00697,2024-03-12 11:14,2024-03-12 15:02,Software,Alta,Resolvido,RH,Fernanda Cruz,N3,3.8,8,Sim
INC-00626,2024-03-12 12:39,2024-03-12 13:03,Software,Alta,Resolvido,Operações,Bruno Reis,N2,0.4,8,Sim
INC-02346,2024-03-12 16:09,2024-03-12 17:33,Software,Baixa,Resolvido,Comercial,Ana Souza,N1,1.4,48,Sim
INC-00622,2024-03-13 08:14,2024-03-13 20:32,Hardware,Baixa,Resolvido,Logística,Fernanda Cruz,N3,12.3,48,Sim
INC-00709,2024-03-13 09:04,2024-03-13 11:22,Software,Crítica,Resolvido,TI,Ana Souza,N1,2.3,4,Sim
INC-00498,2024-03-13 13:14,2024-03-13 14:14,Software,Alta,Resolvido,Logística,Carlos Lima,N1,1.0,8,Sim
INC-01775,2024-03-13 15:53,2024-03-15 00:17,Hardware,Baixa,Resolvido,Diretoria,Bruno Reis,N2,32.4,48,Sim
INC-01986,2024-03-14 07:20,2024-03-14 13:26,Software,Baixa,Resolvido,Operações,Ana Souza,N1,6.1,48,Sim
INC-01700,2024-03-14 10:41,2024-03-14 15:05,Software,Alta,Resolvido,Financeiro,Diego Alves,N2,4.4,8,Sim
INC-01670,2024-03-14 10:43,2024-03-14 19:55,Rede/Internet,Baixa,Resolvido,Diretoria,Ana Souza,N1,9.2,48,Sim
INC-00002,2024-03-14 11:23,2024-03-14 12:11,Email,Baixa,Resolvido,Financeiro,Fernanda Cruz,N3,0.8,48,Sim
INC-00932,2024-03-16 07:32,2024-03-16 10:02,Software,Média,Resolvido,Logística,Diego Alves,N2,2.5,24,Sim
INC-01236,2024-03-18 07:47,2024-03-18 08:23,Acesso/Senha,Média,Resolvido,Logística,Fernanda Cruz,N3,0.6,24,Sim
INC-02131,2024-03-18 07:50,2024-03-18 12:26,Rede/Internet,Baixa,Resolvido,RH,Fernanda Cruz,N3,4.6,48,Sim
INC-00311,2024-03-18 08:29,2024-03-18 08:47,Email,Média,Resolvido,Operações,Diego Alves,N2,0.3,24,Sim
INC-00569,2024-03-18 13:34,2024-03-18 14:34,Acesso/Senha,Baixa,Resolvido,Comercial,Diego Alves,N2,1.0,48,Sim
INC-02353,2024-03-19 07:07,2024-03-19 07:55,Software,Média,Resolvido,Financeiro,Bruno Reis,N2,0.8,24,Sim
INC-00582,2024-03-19 07:44,2024-03-20 15:02,Software,Média,Resolvido,Operações,Ana Souza,N1,31.3,24,Não
INC-00229,2024-03-19 10:01,2024-03-19 13:31,Software,Alta,Resolvido,Logística,Ana Souza,N1,3.5,8,Sim
INC-00814,2024-03-19 10:07,2024-03-19 10:25,Hardware,Crítica,Resolvido,RH,Carlos Lima,N1,0.3,4,Sim
INC-00972,2024-03-19 10:18,2024-03-19 13:36,Acesso/Senha,Baixa,Resolvido,RH,Ana Souza,N1,3.3,48,Sim
INC-01455,2024-03-19 10:55,2024-03-19 13:55,Software,Média,Resolvido,RH,Bruno Reis,N2,3.0,24,Sim
INC-00565,2024-03-19 11:13,2024-03-19 11:25,Acesso/Senha,Média,Resolvido,Diretoria,Diego Alves,N2,0.2,24,Sim
INC-00387,2024-03-19 15:39,2024-03-19 16:39,Acesso/Senha,Baixa,Resolvido,Comercial,Bruno Reis,N2,1.0,48,Sim
INC-00368,2024-03-20 12:48,2024-03-20 14:06,Impressora,Média,Resolvido,RH,Ana Souza,N1,1.3,24,Sim
INC-01892,2024-03-21 08:05,2024-03-21 09:41,Acesso/Senha,Baixa,Resolvido,Logística,Ana Souza,N1,1.6,48,Sim
INC-00095,2024-03-21 09:36,2024-03-21 11:24,Acesso/Senha,Baixa,Resolvido,TI,Bruno Reis,N2,1.8,48,Sim
INC-01326,2024-03-21 10:16,2024-03-21 15:04,Rede/Internet,Baixa,Resolvido,Financeiro,Diego Alves,N2,4.8,48,Sim
INC-02381,2024-03-21 10:37,2024-03-21 11:13,Rede/Internet,Baixa,Resolvido,Financeiro,Fernanda Cruz,N3,0.6,48,Sim
INC-02408,2024-03-21 14:05,2024-03-21 14:23,Rede/Internet,Crítica,Resolvido,Diretoria,Ana Souza,N1,0.3,4,Sim
INC-00706,2024-03-21 15:19,2024-03-21 21:25,Hardware,Baixa,Resolvido,Diretoria,Bruno Reis,N2,6.1,48,Sim
INC-01106,2024-03-22 09:39,2024-03-22 10:57,Software,Média,Resolvido,Logística,Diego Alves,N2,1.3,24,Sim
INC-01466,2024-03-22 11:14,2024-03-22 12:44,Acesso/Senha,Alta,Resolvido,RH,Diego Alves,N2,1.5,8,Sim
INC-02265,2024-03-22 12:51,2024-03-22 15:15,Software,Baixa,Resolvido,Operações,Bruno Reis,N2,2.4,48,Sim
INC-01563,2024-03-23 08:38,2024-03-23 18:02,Sistema Interno,Crítica,Resolvido,TI,Fernanda Cruz,N3,9.4,4,Não
INC-00439,2024-03-24 13:35,2024-03-25 01:35,Email,Média,Resolvido,RH,Carlos Lima,N1,12.0,24,Sim
INC-00468,2024-03-24 15:48,2024-03-24 17:36,Rede/Internet,Alta,Resolvido,RH,Bruno Reis,N2,1.8,8,Sim
INC-00126,2024-03-25 08:37,2024-03-25 08:49,Email,Baixa,Resolvido,Comercial,Fernanda Cruz,N3,0.2,48,Sim
INC-01972,2024-03-25 09:50,2024-03-25 10:20,Hardware,Baixa,Resolvido,Financeiro,Bruno Reis,N2,0.5,48,Sim
INC-01733,2024-03-25 11:13,2024-03-25 11:31,Email,Baixa,Resolvido,Diretoria,Diego Alves,N2,0.3,48,Sim
INC-02208,2024-03-25 11:14,2024-03-25 14:50,Acesso/Senha,Média,Resolvido,Financeiro,Diego Alves,N2,3.6,24,Sim
INC-02427,2024-03-25 11:15,2024-03-26 02:03,Rede/Internet,Baixa,Resolvido,Financeiro,Diego Alves,N2,14.8,48,Sim
INC-02447,2024-03-25 11:49,2024-03-25 12:07,Acesso/Senha,Média,Resolvido,Logística,Ana Souza,N1,0.3,24,Sim
INC-00937,2024-03-25 13:39,2024-03-25 15:33,Software,Alta,Resolvido,TI,Ana Souza,N1,1.9,8,Sim
INC-01450,2024-03-26 09:37,2024-03-27 01:07,Software,Média,Resolvido,RH,Ana Souza,N1,15.5,24,Sim
INC-01075,2024-03-26 09:57,2024-03-26 12:21,Hardware,Baixa,Resolvido,Diretoria,Carlos Lima,N1,2.4,48,Sim
INC-01602,2024-03-26 10:54,2024-03-26 13:36,Email,Crítica,Resolvido,Operações,Bruno Reis,N2,2.7,4,Sim
INC-01985,2024-03-27 07:33,2024-03-27 08:51,Acesso/Senha,Alta,Resolvido,RH,Carlos Lima,N1,1.3,8,Sim
INC-00244,2024-03-27 14:24,2024-03-28 19:24,Software,Baixa,Resolvido,Operações,Fernanda Cruz,N3,29.0,48,Sim
INC-00461,2024-03-27 15:06,2024-03-28 01:24,Software,Baixa,Resolvido,Logística,Carlos Lima,N1,10.3,48,Sim
INC-01513,2024-03-27 15:39,2024-03-27 22:15,Acesso/Senha,Média,Resolvido,Operações,Ana Souza,N1,6.6,24,Sim
INC-01575,2024-03-28 13:02,2024-03-28 13:56,Acesso/Senha,Alta,Resolvido,Financeiro,Ana Souza,N1,0.9,8,Sim
INC-01233,2024-03-28 15:56,2024-03-28 16:08,Rede/Internet,Baixa,Resolvido,TI,Bruno Reis,N2,0.2,48,Sim
INC-00384,2024-03-29 07:03,2024-03-29 11:27,Hardware,Alta,Resolvido,Logística,Bruno Reis,N2,4.4,8,Sim
INC-01962,2024-03-29 08:29,2024-03-29 11:59,Impressora,Alta,Resolvido,Operações,Diego Alves,N2,3.5,8,Sim
INC-00469,2024-03-29 09:19,2024-03-29 09:31,Acesso/Senha,Crítica,Resolvido,Operações,Fernanda Cruz,N3,0.2,4,Sim
INC-01458,2024-03-29 10:23,2024-03-30 01:11,Rede/Internet,Baixa,Resolvido,Comercial,Fernanda Cruz,N3,14.8,48,Sim
INC-01448,2024-03-29 11:02,2024-03-29 12:02,Software,Média,Resolvido,Financeiro,Ana Souza,N1,1.0,24,Sim
INC-00924,2024-03-31 13:16,2024-04-01 00:52,Software,Alta,Resolvido,Diretoria,Ana Souza,N1,11.6,8,Não
INC-00720,2024-04-01 08:47,2024-04-01 14:41,Acesso/Senha,Baixa,Resolvido,Logística,Carlos Lima,N1,5.9,48,Sim
INC-00342,2024-04-01 11:46,2024-04-01 12:22,Acesso/Senha,Alta,Resolvido,TI,Bruno Reis,N2,0.6,8,Sim
INC-00200,2024-04-01 14:45,2024-04-01 18:03,Rede/Internet,Alta,Resolvido,RH,Fernanda Cruz,N3,3.3,8,Sim
INC-01242,2024-04-02 10:25,2024-04-02 11:43,Acesso/Senha,Média,Resolvido,Financeiro,Diego Alves,N2,1.3,24,Sim
INC-01598,2024-04-02 14:55,2024-04-03 11:31,Sistema Interno,Média,Resolvido,RH,Bruno Reis,N2,20.6,24,Sim
INC-01209,2024-04-02 16:18,2024-04-03 05:54,Hardware,Baixa,Resolvido,Diretoria,Ana Souza,N1,13.6,48,Sim
INC-02204,2024-04-03 11:17,2024-04-03 17:17,Impressora,Média,Resolvido,Operações,Ana Souza,N1,6.0,24,Sim
INC-00426,2024-04-04 07:44,2024-04-05 00:08,Software,Baixa,Resolvido,Logística,Carlos Lima,N1,16.4,48,Sim
INC-01990,2024-04-04 08:40,2024-04-04 08:58,Email,Crítica,Resolvido,Financeiro,Diego Alves,N2,0.3,4,Sim
INC-02497,2024-04-04 08:47,2024-04-04 22:23,Impressora,Média,Resolvido,Operações,Carlos Lima,N1,13.6,24,Sim
INC-00340,2024-04-04 13:03,2024-04-04 20:15,Hardware,Baixa,Resolvido,TI,Bruno Reis,N2,7.2,48,Sim
INC-02260,2024-04-04 14:10,2024-04-04 15:58,Software,Alta,Resolvido,Comercial,Fernanda Cruz,N3,1.8,8,Sim
INC-00783,2024-04-05 07:47,2024-04-05 18:47,Acesso/Senha,Média,Resolvido,TI,Carlos Lima,N1,11.0,24,Sim
INC-01286,2024-04-05 10:19,2024-04-05 12:55,Software,Baixa,Resolvido,TI,Diego Alves,N2,2.6,48,Sim
INC-01306,2024-04-06 08:12,2024-04-06 15:00,Hardware,Baixa,Resolvido,Operações,Carlos Lima,N1,6.8,48,Sim
INC-00572,2024-04-08 07:43,2024-04-08 10:19,Impressora,Baixa,Resolvido,Financeiro,Fernanda Cruz,N3,2.6,48,Sim
INC-00179,2024-04-08 09:14,2024-04-08 13:20,Acesso/Senha,Média,Resolvido,Diretoria,Carlos Lima,N1,4.1,24,Sim
INC-01927,2024-04-08 11:51,2024-04-08 17:15,Hardware,Alta,Resolvido,RH,Carlos Lima,N1,5.4,8,Sim
INC-02468,2024-04-08 12:11,2024-04-09 20:11,Sistema Interno,Média,Resolvido,Logística,Carlos Lima,N1,32.0,24,Não
INC-01430,2024-04-08 13:15,2024-04-08 16:03,Acesso/Senha,Média,Resolvido,Financeiro,Diego Alves,N2,2.8,24,Sim
INC-00615,2024-04-10 07:58,2024-04-10 08:28,Email,Crítica,Resolvido,Logística,Bruno Reis,N2,0.5,4,Sim
INC-01978,2024-04-10 08:45,2024-04-10 09:09,Rede/Internet,Baixa,Resolvido,Logística,Bruno Reis,N2,0.4,48,Sim
INC-02095,2024-04-10 09:33,2024-04-10 14:57,Hardware,Média,Resolvido,Operações,Ana Souza,N1,5.4,24,Sim
INC-00413,2024-04-10 12:03,2024-04-10 12:15,Hardware,Média,Resolvido,Financeiro,Diego Alves,N2,0.2,24,Sim
INC-00531,2024-04-10 13:44,2024-04-10 16:02,Email,Alta,Resolvido,Logística,Diego Alves,N2,2.3,8,Sim
INC-01349,2024-04-10 14:32,2024-04-10 14:56,Rede/Internet,Alta,Resolvido,Logística,Diego Alves,N2,0.4,8,Sim
INC-01801,2024-04-12 10:30,2024-04-12 11:00,Hardware,Alta,Resolvido,Financeiro,Diego Alves,N2,0.5,8,Sim
INC-00974,2024-04-15 07:44,2024-04-15 08:32,Acesso/Senha,Alta,Resolvido,Comercial,Carlos Lima,N1,0.8,8,Sim
INC-00970,2024-04-15 09:39,2024-04-15 13:51,Rede/Internet,Alta,Resolvido,Comercial,Carlos Lima,N1,4.2,8,Sim
INC-02038,2024-04-15 11:24,2024-04-16 07:24,Email,Baixa,Resolvido,Operações,Ana Souza,N1,20.0,48,Sim
INC-00900,2024-04-15 13:07,2024-04-15 16:37,Impressora,Baixa,Resolvido,Comercial,Bruno Reis,N2,3.5,48,Sim
INC-00350,2024-04-15 13:25,2024-04-15 17:55,Software,Crítica,Resolvido,Logística,Carlos Lima,N1,4.5,4,Não
INC-00602,2024-04-15 14:29,2024-04-15 14:41,Rede/Internet,Média,Resolvido,Financeiro,Fernanda Cruz,N3,0.2,24,Sim
INC-00023,2024-04-16 09:05,2024-04-16 10:59,Rede/Internet,Alta,Resolvido,Comercial,Diego Alves,N2,1.9,8,Sim
INC-01537,2024-04-16 10:21,2024-04-16 12:45,Software,Média,Resolvido,Operações,Fernanda Cruz,N3,2.4,24,Sim
INC-00058,2024-04-17 09:41,2024-04-17 10:05,Sistema Interno,Crítica,Resolvido,Logística,Bruno Reis,N2,0.4,4,Sim
INC-01389,2024-04-17 13:14,2024-04-17 18:08,Hardware,Baixa,Resolvido,TI,Carlos Lima,N1,4.9,48,Sim
INC-00166,2024-04-17 15:07,2024-04-17 22:01,Rede/Internet,Alta,Resolvido,Diretoria,Bruno Reis,N2,6.9,8,Sim
INC-00766,2024-04-18 08:01,2024-04-18 17:43,Sistema Interno,Média,Resolvido,Logística,Fernanda Cruz,N3,9.7,24,Sim
INC-00496,2024-04-18 09:15,2024-04-18 13:57,Rede/Internet,Baixa,Resolvido,Financeiro,Fernanda Cruz,N3,4.7,48,Sim
INC-00279,2024-04-19 07:11,2024-04-19 20:23,Software,Baixa,Resolvido,Diretoria,Diego Alves,N2,13.2,48,Sim
INC-01088,2024-04-19 10:36,2024-04-19 15:12,Rede/Internet,Alta,Resolvido,RH,Carlos Lima,N1,4.6,8,Sim
INC-01732,2024-04-19 13:21,2024-04-19 22:51,Software,Alta,Resolvido,Diretoria,Fernanda Cruz,N3,9.5,8,Não
INC-01772,2024-04-19 14:47,2024-04-19 15:41,Acesso/Senha,Baixa,Resolvido,TI,Bruno Reis,N2,0.9,48,Sim
INC-00994,2024-04-20 16:55,2024-04-20 17:07,Acesso/Senha,Média,Resolvido,Comercial,Diego Alves,N2,0.2,24,Sim
INC-02176,2024-04-22 07:26,2024-04-22 15:02,Hardware,Baixa,Resolvido,Operações,Bruno Reis,N2,7.6,48,Sim
INC-00554,2024-04-22 07:46,2024-04-22 09:28,Sistema Interno,Média,Resolvido,Operações,Bruno Reis,N2,1.7,24,Sim
INC-02378,2024-04-22 10:05,2024-04-22 10:17,Email,Alta,Resolvido,Financeiro,Fernanda Cruz,N3,0.2,8,Sim
INC-00850,2024-04-22 11:22,2024-04-22 18:04,Impressora,Baixa,Resolvido,Comercial,Bruno Reis,N2,6.7,48,Sim
INC-01514,2024-04-22 12:44,2024-04-22 18:02,Acesso/Senha,Baixa,Resolvido,Operações,Diego Alves,N2,5.3,48,Sim
INC-01887,2024-04-22 13:53,2024-04-22 17:53,Acesso/Senha,Baixa,Resolvido,Diretoria,Diego Alves,N2,4.0,48,Sim
INC-02263,2024-04-22 16:52,2024-04-22 18:10,Acesso/Senha,Crítica,Resolvido,Logística,Carlos Lima,N1,1.3,4,Sim
INC-00006,2024-04-23 16:19,2024-04-23 18:13,Acesso/Senha,Média,Resolvido,TI,Bruno Reis,N2,1.9,24,Sim
INC-01353,2024-04-24 07:10,2024-04-24 11:16,Rede/Internet,Alta,Resolvido,Diretoria,Carlos Lima,N1,4.1,8,Sim
INC-00242,2024-04-24 10:29,2024-04-24 12:47,Email,Baixa,Resolvido,Financeiro,Diego Alves,N2,2.3,48,Sim
INC-00323,2024-04-25 07:05,2024-04-25 09:47,Rede/Internet,Média,Resolvido,RH,Fernanda Cruz,N3,2.7,24,Sim
INC-01895,2024-04-25 14:27,2024-04-25 16:51,Hardware,Média,Resolvido,TI,Carlos Lima,N1,2.4,24,Sim
INC-02480,2024-04-26 07:21,2024-04-26 09:03,Acesso/Senha,Baixa,Resolvido,RH,Ana Souza,N1,1.7,48,Sim
INC-02323,2024-04-26 12:24,2024-04-26 14:06,Email,Média,Resolvido,Comercial,Diego Alves,N2,1.7,24,Sim
INC-00162,2024-04-27 10:14,2024-04-27 10:56,Email,Média,Resolvido,Logística,Carlos Lima,N1,0.7,24,Sim
INC-00785,2024-04-29 07:01,2024-04-29 07:49,Rede/Internet,Alta,Resolvido,RH,Bruno Reis,N2,0.8,8,Sim
INC-02127,2024-04-29 07:22,2024-04-29 15:16,Acesso/Senha,Média,Resolvido,Diretoria,Fernanda Cruz,N3,7.9,24,Sim
INC-00213,2024-04-29 07:45,2024-04-29 18:39,Hardware,Média,Resolvido,Financeiro,Ana Souza,N1,10.9,24,Sim
INC-01386,2024-04-29 09:51,2024-04-29 10:57,Acesso/Senha,Baixa,Resolvido,Logística,Fernanda Cruz,N3,1.1,48,Sim
INC-00941,2024-04-29 10:13,2024-04-29 21:13,Software,Baixa,Resolvido,Diretoria,Ana Souza,N1,11.0,48,Sim
INC-00171,2024-04-29 10:27,2024-04-29 10:39,Rede/Internet,Média,Resolvido,Financeiro,Diego Alves,N2,0.2,24,Sim
INC-01305,2024-04-29 10:44,2024-04-29 12:08,Acesso/Senha,Alta,Resolvido,Diretoria,Diego Alves,N2,1.4,8,Sim
INC-01618,2024-04-29 11:53,2024-04-29 14:41,Sistema Interno,Baixa,Resolvido,Logística,Carlos Lima,N1,2.8,48,Sim
INC-01405,2024-04-29 12:23,2024-04-29 12:35,Acesso/Senha,Média,Resolvido,Comercial,Carlos Lima,N1,0.2,24,Sim
INC-00796,2024-04-29 13:49,2024-04-30 02:55,Software,Baixa,Resolvido,Financeiro,Diego Alves,N2,13.1,48,Sim
INC-01456,2024-04-30 07:22,2024-04-30 12:28,Rede/Internet,Crítica,Resolvido,TI,Fernanda Cruz,N3,5.1,4,Não
INC-00936,2024-04-30 07:42,2024-04-30 12:30,Acesso/Senha,Média,Resolvido,Logística,Diego Alves,N2,4.8,24,Sim
INC-02306,2024-04-30 10:20,2024-05-01 02:32,Rede/Internet,Média,Resolvido,Financeiro,Bruno Reis,N2,16.2,24,Sim
INC-00657,2024-05-01 07:01,2024-05-02 10:25,Hardware,Média,Resolvido,Financeiro,Diego Alves,N2,27.4,24,Não
INC-01130,2024-05-01 08:13,2024-05-01 08:55,Sistema Interno,Crítica,Resolvido,Diretoria,Fernanda Cruz,N3,0.7,4,Sim
INC-00132,2024-05-01 10:08,2024-05-02 00:44,Hardware,Média,Resolvido,Financeiro,Carlos Lima,N1,14.6,24,Sim
INC-00729,2024-05-01 12:21,2024-05-01 12:33,Software,Média,Resolvido,Financeiro,Fernanda Cruz,N3,0.2,24,Sim
INC-00096,2024-05-01 13:04,2024-05-01 13:16,Email,Crítica,Resolvido,Financeiro,Bruno Reis,N2,0.2,4,Sim
INC-01812,2024-05-02 11:19,2024-05-03 03:31,Email,Média,Resolvido,TI,Carlos Lima,N1,16.2,24,Sim
INC-00519,2024-05-02 11:41,2024-05-02 13:53,Email,Média,Resolvido,RH,Fernanda Cruz,N3,2.2,24,Sim
INC-00152,2024-05-04 08:12,2024-05-04 10:12,Email,Média,Resolvido,Comercial,Fernanda Cruz,N3,2.0,24,Sim
INC-01055,2024-05-04 10:46,2024-05-04 10:58,Email,Média,Resolvido,RH,Ana Souza,N1,0.2,24,Sim
INC-00696,2024-05-06 07:03,2024-05-06 14:27,Email,Baixa,Resolvido,Operações,Fernanda Cruz,N3,7.4,48,Sim
INC-02389,2024-05-06 07:40,2024-05-06 22:58,Hardware,Média,Resolvido,Financeiro,Diego Alves,N2,15.3,24,Sim
INC-00207,2024-05-06 11:27,2024-05-06 14:03,Acesso/Senha,Baixa,Resolvido,Financeiro,Carlos Lima,N1,2.6,48,Sim
INC-00246,2024-05-06 16:08,2024-05-06 23:02,Hardware,Média,Resolvido,RH,Ana Souza,N1,6.9,24,Sim
INC-01875,2024-05-06 16:50,2024-05-06 17:02,Acesso/Senha,Crítica,Resolvido,Financeiro,Bruno Reis,N2,0.2,4,Sim
INC-02072,2024-05-07 10:33,2024-05-07 13:27,Acesso/Senha,Baixa,Resolvido,Financeiro,Diego Alves,N2,2.9,48,Sim
INC-00993,2024-05-07 11:11,2024-05-07 13:29,Hardware,Alta,Resolvido,TI,Diego Alves,N2,2.3,8,Sim
INC-00195,2024-05-07 12:13,2024-05-07 13:37,Hardware,Média,Resolvido,RH,Diego Alves,N2,1.4,24,Sim
INC-01593,2024-05-08 10:27,2024-05-09 02:33,Software,Baixa,Resolvido,RH,Fernanda Cruz,N3,16.1,48,Sim
INC-02439,2024-05-08 12:49,2024-05-08 20:13,Hardware,Baixa,Resolvido,Diretoria,Bruno Reis,N2,7.4,48,Sim
INC-01229,2024-05-08 16:23,2024-05-09 01:29,Hardware,Média,Resolvido,RH,Fernanda Cruz,N3,9.1,24,Sim
INC-00324,2024-05-10 07:41,2024-05-10 14:41,Hardware,Média,Resolvido,Operações,Carlos Lima,N1,7.0,24,Sim
INC-00870,2024-05-10 13:42,2024-05-10 16:24,Email,Alta,Resolvido,RH,Bruno Reis,N2,2.7,8,Sim
INC-00046,2024-05-10 14:04,2024-05-11 00:58,Acesso/Senha,Baixa,Resolvido,Operações,Fernanda Cruz,N3,10.9,48,Sim
INC-00101,2024-05-11 07:51,2024-05-11 10:09,Email,Média,Resolvido,Operações,Bruno Reis,N2,2.3,24,Sim
INC-01293,2024-05-12 09:41,2024-05-12 15:29,Rede/Internet,Baixa,Resolvido,Financeiro,Ana Souza,N1,5.8,48,Sim
INC-01859,2024-05-13 09:23,2024-05-13 19:41,Software,Baixa,Resolvido,Diretoria,Carlos Lima,N1,10.3,48,Sim
INC-01502,2024-05-13 10:38,2024-05-13 21:20,Software,Média,Resolvido,Logística,Fernanda Cruz,N3,10.7,24,Sim
INC-00628,2024-05-13 13:17,2024-05-13 15:47,Acesso/Senha,Média,Resolvido,Financeiro,Carlos Lima,N1,2.5,24,Sim
INC-01076,2024-05-14 09:25,2024-05-15 04:25,Hardware,Baixa,Resolvido,Comercial,Fernanda Cruz,N3,19.0,48,Sim
INC-00082,2024-05-14 09:40,2024-05-14 10:40,Hardware,Alta,Resolvido,Diretoria,Carlos Lima,N1,1.0,8,Sim
INC-00139,2024-05-14 11:39,2024-05-14 16:45,Software,Média,Resolvido,Operações,Ana Souza,N1,5.1,24,Sim
INC-02075,2024-05-15 07:21,2024-05-15 07:33,Acesso/Senha,Média,Resolvido,Operações,Diego Alves,N2,0.2,24,Sim
INC-00666,2024-05-15 07:30,2024-05-15 13:00,Software,Média,Resolvido,RH,Fernanda Cruz,N3,5.5,24,Sim
INC-00190,2024-05-15 11:05,2024-05-15 11:23,Acesso/Senha,Baixa,Resolvido,TI,Bruno Reis,N2,0.3,48,Sim
INC-00430,2024-05-15 11:46,2024-05-15 13:52,Acesso/Senha,Baixa,Resolvido,Comercial,Diego Alves,N2,2.1,48,Sim
INC-00017,2024-05-15 13:00,2024-05-15 16:24,Acesso/Senha,Média,Resolvido,Comercial,Ana Souza,N1,3.4,24,Sim
INC-02466,2024-05-17 12:45,2024-05-18 19:21,Rede/Internet,Baixa,Resolvido,RH,Bruno Reis,N2,30.6,48,Sim
INC-00331,2024-05-18 12:11,2024-05-18 17:23,Sistema Interno,Crítica,Resolvido,Operações,Diego Alves,N2,5.2,4,Não
INC-00550,2024-05-19 11:16,2024-05-19 13:10,Email,Alta,Resolvido,Comercial,Fernanda Cruz,N3,1.9,8,Sim
INC-01992,2024-05-20 07:18,2024-05-20 09:42,Acesso/Senha,Baixa,Resolvido,Financeiro,Bruno Reis,N2,2.4,48,Sim
INC-00270,2024-05-20 07:20,2024-05-20 07:56,Acesso/Senha,Média,Resolvido,Diretoria,Ana Souza,N1,0.6,24,Sim
INC-01857,2024-05-20 07:35,2024-05-20 08:35,Rede/Internet,Média,Resolvido,Diretoria,Fernanda Cruz,N3,1.0,24,Sim
INC-00256,2024-05-20 12:03,2024-05-20 16:21,Rede/Internet,Alta,Resolvido,TI,Fernanda Cruz,N3,4.3,8,Sim
INC-01547,2024-05-20 12:12,2024-05-20 20:00,Software,Média,Resolvido,Diretoria,Ana Souza,N1,7.8,24,Sim
INC-01355,2024-05-20 13:17,2024-05-20 16:11,Acesso/Senha,Baixa,Resolvido,Operações,Diego Alves,N2,2.9,48,Sim
INC-00547,2024-05-20 13:35,2024-05-21 04:53,Software,Baixa,Resolvido,RH,Diego Alves,N2,15.3,48,Sim
INC-01720,2024-05-20 15:44,2024-05-20 17:26,Acesso/Senha,Baixa,Resolvido,RH,Diego Alves,N2,1.7,48,Sim
INC-01072,2024-05-20 16:40,2024-05-20 16:52,Impressora,Baixa,Resolvido,TI,Bruno Reis,N2,0.2,48,Sim
INC-00986,2024-05-20 18:33,2024-05-20 19:09,Acesso/Senha,Média,Resolvido,Financeiro,Carlos Lima,N1,0.6,24,Sim
INC-02269,2024-05-21 09:59,2024-05-21 14:59,Acesso/Senha,Baixa,Resolvido,Comercial,Bruno Reis,N2,5.0,48,Sim
INC-01626,2024-05-21 10:11,2024-05-21 16:35,Software,Baixa,Resolvido,Diretoria,Carlos Lima,N1,6.4,48,Sim
INC-01046,2024-05-21 11:54,2024-05-21 21:06,Hardware,Baixa,Resolvido,Diretoria,Carlos Lima,N1,9.2,48,Sim
INC-01003,2024-05-21 13:12,2024-05-21 16:54,Hardware,Média,Resolvido,TI,Fernanda Cruz,N3,3.7,24,Sim
INC-00150,2024-05-22 07:08,2024-05-22 07:20,Acesso/Senha,Alta,Resolvido,Diretoria,Ana Souza,N1,0.2,8,Sim
INC-01347,2024-05-22 09:40,2024-05-22 10:16,Acesso/Senha,Média,Resolvido,Operações,Fernanda Cruz,N3,0.6,24,Sim
INC-01632,2024-05-22 12:03,2024-05-22 12:57,Impressora,Baixa,Resolvido,Operações,Carlos Lima,N1,0.9,48,Sim
INC-00186,2024-05-23 07:44,2024-05-23 13:44,Acesso/Senha,Baixa,Resolvido,Diretoria,Carlos Lima,N1,6.0,48,Sim
INC-01781,2024-05-23 08:27,2024-05-23 15:15,Email,Baixa,Resolvido,Operações,Fernanda Cruz,N3,6.8,48,Sim
INC-02301,2024-05-23 08:37,2024-05-23 11:55,Rede/Internet,Alta,Resolvido,Comercial,Ana Souza,N1,3.3,8,Sim
INC-02089,2024-05-23 09:03,2024-05-23 12:33,Software,Baixa,Resolvido,Comercial,Diego Alves,N2,3.5,48,Sim
INC-01650,2024-05-23 11:13,2024-05-23 12:31,Sistema Interno,Alta,Resolvido,Logística,Bruno Reis,N2,1.3,8,Sim
INC-00884,2024-05-23 12:38,2024-05-23 22:20,Hardware,Baixa,Resolvido,Financeiro,Fernanda Cruz,N3,9.7,48,Sim
INC-00167,2024-05-23 14:24,2024-05-23 16:18,Acesso/Senha,Média,Resolvido,Operações,Diego Alves,N2,1.9,24,Sim
INC-02209,2024-05-23 16:59,2024-05-23 17:17,Hardware,Média,Resolvido,RH,Fernanda Cruz,N3,0.3,24,Sim
INC-01030,2024-05-24 08:55,2024-05-24 14:19,Email,Média,Resolvido,Logística,Carlos Lima,N1,5.4,24,Sim
INC-00616,2024-05-24 13:00,2024-05-24 21:42,Software,Baixa,Resolvido,Comercial,Bruno Reis,N2,8.7,48,Sim
INC-01550,2024-05-24 13:03,2024-05-24 14:27,Email,Baixa,Resolvido,Operações,Fernanda Cruz,N3,1.4,48,Sim
INC-01017,2024-05-25 09:01,2024-05-25 13:07,Impressora,Baixa,Resolvido,Financeiro,Diego Alves,N2,4.1,48,Sim
INC-02137,2024-05-27 13:11,2024-05-27 13:59,Acesso/Senha,Baixa,Resolvido,Comercial,Bruno Reis,N2,0.8,48,Sim
INC-00076,2024-05-27 13:14,2024-05-27 18:08,Email,Média,Resolvido,RH,Diego Alves,N2,4.9,24,Sim
INC-00072,2024-05-27 15:54,2024-05-28 06:36,Email,Alta,Resolvido,Diretoria,Bruno Reis,N2,14.7,8,Não
INC-01983,2024-05-28 11:21,2024-05-28 13:03,Software,Baixa,Resolvido,Logística,Carlos Lima,N1,1.7,48,Sim
INC-01126,2024-05-29 10:33,2024-05-29 19:27,Rede/Internet,Média,Resolvido,Operações,Bruno Reis,N2,8.9,24,Sim
INC-02088,2024-05-29 11:41,2024-05-29 12:23,Acesso/Senha,Baixa,Resolvido,Diretoria,Carlos Lima,N1,0.7,48,Sim
INC-01057,2024-05-30 10:31,2024-05-30 17:55,Impressora,Média,Resolvido,TI,Bruno Reis,N2,7.4,24,Sim
INC-01826,2024-05-30 11:05,2024-05-30 14:23,Rede/Internet,Baixa,Resolvido,Financeiro,Diego Alves,N2,3.3,48,Sim
INC-01278,2024-05-30 13:02,2024-05-30 20:44,Email,Baixa,Resolvido,RH,Bruno Reis,N2,7.7,48,Sim
INC-01015,2024-05-31 10:54,2024-05-31 11:36,Software,Alta,Resolvido,Financeiro,Bruno Reis,N2,0.7,8,Sim
INC-01446,2024-05-31 13:22,2024-05-31 14:40,Email,Média,Resolvido,RH,Diego Alves,N2,1.3,24,Sim
INC-00322,2024-05-31 14:04,2024-05-31 14:40,Acesso/Senha,Crítica,Resolvido,Operações,Fernanda Cruz,N3,0.6,4,Sim
INC-01488,2024-05-31 15:28,2024-05-31 20:22,Impressora,Baixa,Resolvido,RH,Carlos Lima,N1,4.9,48,Sim
INC-00958,2024-05-31 16:32,2024-05-31 23:32,Software,Alta,Resolvido,Logística,Ana Souza,N1,7.0,8,Sim
INC-01729,2024-05-31 18:06,2024-05-31 21:24,Acesso/Senha,Média,Resolvido,RH,Carlos Lima,N1,3.3,24,Sim
INC-00542,2024-06-03 07:09,2024-06-03 18:09,Rede/Internet,Baixa,Resolvido,TI,Ana Souza,N1,11.0,48,Sim
INC-00952,2024-06-03 07:13,2024-06-03 20:55,Rede/Internet,Média,Resolvido,RH,Diego Alves,N2,13.7,24,Sim
INC-01810,2024-06-03 09:41,2024-06-03 17:11,Software,Baixa,Resolvido,Operações,Fernanda Cruz,N3,7.5,48,Sim
INC-01915,2024-06-03 10:17,2024-06-03 15:29,Software,Baixa,Resolvido,Diretoria,Carlos Lima,N1,5.2,48,Sim
INC-02092,2024-06-03 10:28,2024-06-03 10:58,Acesso/Senha,Baixa,Resolvido,RH,Ana Souza,N1,0.5,48,Sim
INC-00712,2024-06-03 13:38,2024-06-04 10:08,Software,Média,Resolvido,Operações,Bruno Reis,N2,20.5,24,Sim
INC-01320,2024-06-03 14:25,2024-06-03 15:07,Software,Média,Resolvido,Comercial,Fernanda Cruz,N3,0.7,24,Sim
INC-00288,2024-06-03 14:46,2024-06-03 15:52,Acesso/Senha,Média,Resolvido,Diretoria,Ana Souza,N1,1.1,24,Sim
INC-02432,2024-06-04 11:46,2024-06-04 20:22,Hardware,Média,Resolvido,Comercial,Diego Alves,N2,8.6,24,Sim
INC-01533,2024-06-04 11:49,2024-06-04 13:55,Hardware,Baixa,Resolvido,RH,Bruno Reis,N2,2.1,48,Sim
INC-02280,2024-06-04 14:52,2024-06-04 20:04,Rede/Internet,Média,Resolvido,Comercial,Ana Souza,N1,5.2,24,Sim
INC-01241,2024-06-05 12:59,2024-06-05 14:41,Rede/Internet,Alta,Resolvido,Logística,Ana Souza,N1,1.7,8,Sim
INC-00957,2024-06-06 08:12,2024-06-06 15:00,Rede/Internet,Média,Resolvido,Diretoria,Carlos Lima,N1,6.8,24,Sim
INC-01849,2024-06-06 10:59,2024-06-06 19:29,Software,Média,Resolvido,RH,Bruno Reis,N2,8.5,24,Sim
INC-02288,2024-06-06 13:55,2024-06-06 22:13,Hardware,Alta,Resolvido,Diretoria,Ana Souza,N1,8.3,8,Não
INC-02000,2024-06-06 14:21,2024-06-06 15:27,Acesso/Senha,Média,Resolvido,Logística,Bruno Reis,N2,1.1,24,Sim
INC-00896,2024-06-07 08:33,2024-06-07 09:15,Acesso/Senha,Baixa,Resolvido,Diretoria,Bruno Reis,N2,0.7,48,Sim
INC-02293,2024-06-07 09:03,2024-06-07 09:45,Hardware,Alta,Resolvido,RH,Diego Alves,N2,0.7,8,Sim
INC-00552,2024-06-07 13:22,2024-06-07 16:28,Email,Alta,Resolvido,Financeiro,Fernanda Cruz,N3,3.1,8,Sim
INC-02360,2024-06-07 16:38,2024-06-07 16:56,Acesso/Senha,Média,Resolvido,Comercial,Ana Souza,N1,0.3,24,Sim
INC-00328,2024-06-09 08:35,2024-06-09 18:47,Hardware,Crítica,Resolvido,RH,Ana Souza,N1,10.2,4,Não
INC-02304,2024-06-09 14:59,2024-06-09 19:35,Impressora,Alta,Resolvido,Operações,Bruno Reis,N2,4.6,8,Sim
INC-02025,2024-06-10 07:17,2024-06-10 09:05,Email,Média,Resolvido,Operações,Diego Alves,N2,1.8,24,Sim
INC-01573,2024-06-10 07:27,2024-06-10 17:03,Sistema Interno,Média,Resolvido,Operações,Diego Alves,N2,9.6,24,Sim
INC-01886,2024-06-10 09:46,2024-06-10 14:10,Email,Média,Resolvido,Comercial,Bruno Reis,N2,4.4,24,Sim
INC-01910,2024-06-10 10:12,2024-06-11 14:24,Rede/Internet,Baixa,Resolvido,Comercial,Carlos Lima,N1,28.2,48,Sim
INC-02430,2024-06-10 10:29,2024-06-10 12:11,Acesso/Senha,Baixa,Resolvido,Financeiro,Diego Alves,N2,1.7,48,Sim
INC-02314,2024-06-10 10:52,2024-06-10 11:46,Sistema Interno,Alta,Resolvido,Comercial,Diego Alves,N2,0.9,8,Sim
INC-02113,2024-06-10 15:29,2024-06-11 04:11,Software,Baixa,Resolvido,Comercial,Carlos Lima,N1,12.7,48,Sim
INC-01372,2024-06-11 08:44,2024-06-14 19:38,Sistema Interno,Média,Resolvido,Logística,Bruno Reis,N2,82.9,24,Não
INC-02424,2024-06-11 09:56,2024-06-11 17:50,Software,Baixa,Resolvido,Operações,Ana Souza,N1,7.9,48,Sim
INC-00094,2024-06-12 12:35,2024-06-12 18:05,Hardware,Média,Resolvido,Diretoria,Carlos Lima,N1,5.5,24,Sim
INC-01251,2024-06-13 08:32,2024-06-13 17:26,Software,Média,Resolvido,Diretoria,Bruno Reis,N2,8.9,24,Sim
INC-00931,2024-06-13 09:27,2024-06-13 09:39,Acesso/Senha,Crítica,Resolvido,Financeiro,Fernanda Cruz,N3,0.2,4,Sim
INC-02172,2024-06-13 11:36,2024-06-13 12:00,Impressora,Média,Resolvido,Comercial,Ana Souza,N1,0.4,24,Sim
INC-01569,2024-06-14 09:09,2024-06-16 05:15,Sistema Interno,Média,Resolvido,Diretoria,Bruno Reis,N2,44.1,24,Não
INC-01363,2024-06-14 12:18,2024-06-14 12:30,Sistema Interno,Alta,Resolvido,Financeiro,Carlos Lima,N1,0.2,8,Sim
INC-01154,2024-06-15 08:43,2024-06-15 18:25,Acesso/Senha,Média,Resolvido,TI,Diego Alves,N2,9.7,24,Sim
INC-01572,2024-06-15 17:05,2024-06-15 20:23,Acesso/Senha,Média,Resolvido,Diretoria,Diego Alves,N2,3.3,24,Sim
INC-00901,2024-06-16 07:05,2024-06-16 14:35,Acesso/Senha,Baixa,Resolvido,Comercial,Ana Souza,N1,7.5,48,Sim
INC-00154,2024-06-17 07:12,2024-06-17 10:36,Email,Média,Resolvido,TI,Bruno Reis,N2,3.4,24,Sim
INC-02028,2024-06-17 07:19,2024-06-17 09:01,Email,Baixa,Resolvido,Diretoria,Bruno Reis,N2,1.7,48,Sim
INC-00822,2024-06-17 07:39,2024-06-17 12:09,Email,Alta,Resolvido,RH,Carlos Lima,N1,4.5,8,Sim
INC-02404,2024-06-17 08:36,2024-06-17 09:12,Acesso/Senha,Baixa,Resolvido,Logística,Bruno Reis,N2,0.6,48,Sim
INC-02117,2024-06-17 08:42,2024-06-18 19:24,Hardware,Média,Resolvido,Diretoria,Bruno Reis,N2,34.7,24,Não
INC-01935,2024-06-17 09:07,2024-06-17 10:01,Software,Baixa,Resolvido,Financeiro,Carlos Lima,N1,0.9,48,Sim
INC-02440,2024-06-17 12:15,2024-06-17 15:21,Rede/Internet,Média,Resolvido,Diretoria,Ana Souza,N1,3.1,24,Sim
INC-02246,2024-06-17 15:30,2024-06-18 04:06,Hardware,Baixa,Resolvido,Financeiro,Diego Alves,N2,12.6,48,Sim
INC-02010,2024-06-17 15:47,2024-06-17 15:59,Impressora,Alta,Resolvido,Financeiro,Fernanda Cruz,N3,0.2,8,Sim
INC-01821,2024-06-18 07:57,2024-06-18 12:45,Acesso/Senha,Baixa,Resolvido,Logística,Fernanda Cruz,N3,4.8,48,Sim
INC-02476,2024-06-18 08:50,2024-06-18 09:26,Acesso/Senha,Crítica,Resolvido,Operações,Fernanda Cruz,N3,0.6,4,Sim
INC-01651,2024-06-18 08:55,2024-06-19 12:07,Hardware,Baixa,Resolvido,Logística,Ana Souza,N1,27.2,48,Sim
INC-01776,2024-06-18 11:22,2024-06-18 12:40,Acesso/Senha,Média,Resolvido,Financeiro,Bruno Reis,N2,1.3,24,Sim
INC-00649,2024-06-18 11:54,2024-06-19 23:06,Hardware,Baixa,Resolvido,Operações,Carlos Lima,N1,35.2,48,Sim
INC-00222,2024-06-18 13:21,2024-06-18 17:57,Software,Crítica,Resolvido,Operações,Carlos Lima,N1,4.6,4,Não
INC-02337,2024-06-19 10:04,2024-06-19 20:04,Hardware,Baixa,Resolvido,Financeiro,Diego Alves,N2,10.0,48,Sim
INC-00049,2024-06-19 11:48,2024-06-19 16:36,Email,Média,Resolvido,RH,Diego Alves,N2,4.8,24,Sim
INC-02225,2024-06-19 11:58,2024-06-19 17:16,Software,Média,Resolvido,Diretoria,Bruno Reis,N2,5.3,24,Sim
INC-02347,2024-06-20 12:10,2024-06-20 12:58,Email,Alta,Resolvido,Operações,Bruno Reis,N2,0.8,8,Sim
INC-02330,2024-06-20 13:33,2024-06-20 22:21,Rede/Internet,Alta,Resolvido,Comercial,Diego Alves,N2,8.8,8,Não
INC-00367,2024-06-20 14:46,2024-06-20 19:10,Impressora,Baixa,Resolvido,TI,Ana Souza,N1,4.4,48,Sim
INC-02413,2024-06-21 07:18,2024-06-21 10:36,Acesso/Senha,Baixa,Resolvido,TI,Carlos Lima,N1,3.3,48,Sim
INC-02130,2024-06-21 11:25,2024-06-21 23:13,Software,Alta,Resolvido,Logística,Carlos Lima,N1,11.8,8,Não
INC-01410,2024-06-22 10:00,2024-06-22 10:54,Acesso/Senha,Média,Resolvido,RH,Fernanda Cruz,N3,0.9,24,Sim
INC-00351,2024-06-23 11:43,2024-06-23 17:31,Acesso/Senha,Média,Resolvido,Diretoria,Ana Souza,N1,5.8,24,Sim
INC-00756,2024-06-23 11:52,2024-06-23 13:10,Acesso/Senha,Baixa,Resolvido,Diretoria,Carlos Lima,N1,1.3,48,Sim
INC-02247,2024-06-24 07:10,2024-06-24 17:46,Hardware,Alta,Resolvido,Logística,Ana Souza,N1,10.6,8,Não
INC-01399,2024-06-24 07:57,2024-06-24 14:09,Acesso/Senha,Baixa,Resolvido,Financeiro,Bruno Reis,N2,6.2,48,Sim
INC-01383,2024-06-24 08:04,2024-06-24 16:10,Software,Média,Resolvido,Operações,Carlos Lima,N1,8.1,24,Sim
INC-00516,2024-06-24 08:30,2024-06-24 18:12,Acesso/Senha,Baixa,Resolvido,Logística,Ana Souza,N1,9.7,48,Sim
INC-01329,2024-06-24 08:38,2024-06-25 04:26,Rede/Internet,Média,Resolvido,Operações,Fernanda Cruz,N3,19.8,24,Sim
INC-02184,2024-06-24 09:24,2024-06-24 16:30,Software,Crítica,Resolvido,Diretoria,Diego Alves,N2,7.1,4,Não
INC-01531,2024-06-24 09:30,2024-06-25 14:00,Sistema Interno,Média,Resolvido,Operações,Fernanda Cruz,N3,28.5,24,Não
INC-01235,2024-06-24 11:52,2024-06-24 22:04,Software,Baixa,Resolvido,Financeiro,Diego Alves,N2,10.2,48,Sim
INC-00967,2024-06-24 11:55,2024-06-24 17:49,Hardware,Média,Resolvido,Financeiro,Carlos Lima,N1,5.9,24,Sim
INC-00210,2024-06-24 13:33,2024-06-24 14:45,Software,Média,Resolvido,Logística,Fernanda Cruz,N3,1.2,24,Sim
INC-00639,2024-06-24 15:31,2024-06-24 17:01,Hardware,Média,Resolvido,TI,Carlos Lima,N1,1.5,24,Sim
INC-01805,2024-06-25 07:36,2024-06-25 08:36,Email,Baixa,Resolvido,Diretoria,Ana Souza,N1,1.0,48,Sim
INC-01476,2024-06-26 09:18,2024-06-26 13:36,Rede/Internet,Baixa,Resolvido,Diretoria,Fernanda Cruz,N3,4.3,48,Sim
INC-02150,2024-06-28 10:20,2024-06-28 10:38,Acesso/Senha,Crítica,Resolvido,Logística,Diego Alves,N2,0.3,4,Sim
INC-00044,2024-06-28 13:00,2024-06-28 13:48,Software,Baixa,Resolvido,Diretoria,Ana Souza,N1,0.8,48,Sim
INC-01994,2024-06-30 12:43,2024-06-30 14:13,Hardware,Baixa,Resolvido,RH,Fernanda Cruz,N3,1.5,48,Sim
INC-00112,2024-07-01 07:05,2024-07-01 11:17,Acesso/Senha,Baixa,Resolvido,TI,Bruno Reis,N2,4.2,48,Sim
INC-02126,2024-07-01 08:41,2024-07-01 13:41,Hardware,Média,Resolvido,Operações,Fernanda Cruz,N3,5.0,24,Sim
INC-01949,2024-07-01 09:51,2024-07-01 13:03,Acesso/Senha,Baixa,Resolvido,Diretoria,Fernanda Cruz,N3,3.2,48,Sim
INC-00824,2024-07-01 10:39,2024-07-01 10:51,Acesso/Senha,Baixa,Resolvido,Diretoria,Diego Alves,N2,0.2,48,Sim
INC-01124,2024-07-01 10:45,2024-07-01 15:33,Email,Baixa,Resolvido,Operações,Carlos Lima,N1,4.8,48,Sim
INC-00147,2024-07-01 12:05,2024-07-01 12:47,Email,Média,Resolvido,Comercial,Ana Souza,N1,0.7,24,Sim
INC-00698,2024-07-01 12:19,2024-07-01 13:07,Email,Média,Resolvido,Diretoria,Diego Alves,N2,0.8,24,Sim
INC-00887,2024-07-02 10:47,2024-07-02 13:11,Acesso/Senha,Baixa,Resolvido,Logística,Ana Souza,N1,2.4,48,Sim
INC-01489,2024-07-02 10:57,2024-07-02 14:45,Email,Média,Resolvido,Operações,Bruno Reis,N2,3.8,24,Sim
INC-02144,2024-07-02 13:09,2024-07-02 17:03,Acesso/Senha,Baixa,Resolvido,Comercial,Fernanda Cruz,N3,3.9,48,Sim
INC-01629,2024-07-02 13:56,2024-07-02 17:26,Rede/Internet,Crítica,Resolvido,TI,Bruno Reis,N2,3.5,4,Sim
INC-01970,2024-07-02 18:11,2024-07-02 18:53,Email,Baixa,Resolvido,Diretoria,Fernanda Cruz,N3,0.7,48,Sim
INC-02364,2024-07-03 11:10,2024-07-04 01:58,Sistema Interno,Alta,Resolvido,TI,Diego Alves,N2,14.8,8,Não
INC-01661,2024-07-04 09:30,2024-07-04 14:06,Email,Alta,Resolvido,Logística,Carlos Lima,N1,4.6,8,Sim
INC-02136,2024-07-04 11:36,2024-07-04 13:30,Email,Crítica,Resolvido,Financeiro,Bruno Reis,N2,1.9,4,Sim
INC-00663,2024-07-05 07:22,2024-07-05 07:58,Email,Baixa,Resolvido,RH,Ana Souza,N1,0.6,48,Sim
INC-00361,2024-07-05 07:24,2024-07-05 10:48,Rede/Internet,Média,Resolvido,Comercial,Diego Alves,N2,3.4,24,Sim
INC-00601,2024-07-05 09:24,2024-07-05 12:42,Software,Média,Resolvido,Comercial,Ana Souza,N1,3.3,24,Sim
INC-02355,2024-07-05 11:18,2024-07-05 21:30,Hardware,Média,Resolvido,Financeiro,Bruno Reis,N2,10.2,24,Sim
INC-01717,2024-07-05 12:30,2024-07-06 18:12,Sistema Interno,Baixa,Resolvido,Logística,Diego Alves,N2,29.7,48,Sim
INC-01084,2024-07-06 10:47,2024-07-06 13:17,Acesso/Senha,Baixa,Resolvido,Operações,Diego Alves,N2,2.5,48,Sim
INC-02084,2024-07-06 10:49,2024-07-06 12:07,Impressora,Alta,Resolvido,TI,Diego Alves,N2,1.3,8,Sim
INC-02196,2024-07-06 14:41,2024-07-06 16:53,Email,Média,Resolvido,Diretoria,Bruno Reis,N2,2.2,24,Sim
INC-01028,2024-07-08 07:03,2024-07-08 08:33,Acesso/Senha,Baixa,Resolvido,TI,Diego Alves,N2,1.5,48,Sim
INC-02320,2024-07-08 07:15,2024-07-08 10:27,Hardware,Alta,Resolvido,TI,Diego Alves,N2,3.2,8,Sim
INC-01058,2024-07-08 10:21,2024-07-08 12:09,Software,Média,Resolvido,Diretoria,Bruno Reis,N2,1.8,24,Sim
INC-00747,2024-07-08 11:05,2024-07-08 23:11,Rede/Internet,Baixa,Resolvido,Operações,Carlos Lima,N1,12.1,48,Sim
INC-00206,2024-07-08 11:19,2024-07-08 14:13,Software,Alta,Resolvido,RH,Fernanda Cruz,N3,2.9,8,Sim
INC-01407,2024-07-08 11:38,2024-07-08 12:50,Hardware,Média,Resolvido,Logística,Carlos Lima,N1,1.2,24,Sim
INC-02066,2024-07-08 11:54,2024-07-08 17:18,Hardware,Média,Resolvido,RH,Fernanda Cruz,N3,5.4,24,Sim
INC-00272,2024-07-08 12:52,2024-07-08 18:10,Acesso/Senha,Baixa,Resolvido,Financeiro,Ana Souza,N1,5.3,48,Sim
INC-02033,2024-07-08 12:56,2024-07-08 13:32,Acesso/Senha,Baixa,Resolvido,RH,Diego Alves,N2,0.6,48,Sim
INC-01491,2024-07-08 16:59,2024-07-09 00:05,Acesso/Senha,Baixa,Resolvido,Logística,Carlos Lima,N1,7.1,48,Sim
INC-01252,2024-07-09 08:31,2024-07-09 09:49,Hardware,Alta,Resolvido,Logística,Diego Alves,N2,1.3,8,Sim
INC-01415,2024-07-09 08:59,2024-07-09 11:35,Software,Média,Resolvido,RH,Carlos Lima,N1,2.6,24,Sim
INC-00344,2024-07-10 07:54,2024-07-10 13:12,Software,Média,Resolvido,Operações,Diego Alves,N2,5.3,24,Sim
INC-01140,2024-07-10 13:43,2024-07-10 13:55,Acesso/Senha,Alta,Resolvido,RH,Diego Alves,N2,0.2,8,Sim
INC-00576,2024-07-11 09:17,2024-07-11 19:05,Hardware,Baixa,Resolvido,Logística,Bruno Reis,N2,9.8,48,Sim
INC-02469,2024-07-11 11:10,2024-07-11 15:52,Acesso/Senha,Baixa,Resolvido,Operações,Carlos Lima,N1,4.7,48,Sim
INC-00027,2024-07-11 13:15,2024-07-11 17:45,Impressora,Alta,Resolvido,Comercial,Diego Alves,N2,4.5,8,Sim
INC-01730,2024-07-11 13:27,2024-07-11 19:57,Software,Média,Resolvido,Comercial,Fernanda Cruz,N3,6.5,24,Sim
INC-00155,2024-07-11 14:41,2024-07-11 18:29,Acesso/Senha,Baixa,Resolvido,Operações,Carlos Lima,N1,3.8,48,Sim
INC-00754,2024-07-12 08:12,2024-07-12 14:18,Hardware,Baixa,Resolvido,Financeiro,Diego Alves,N2,6.1,48,Sim
INC-01771,2024-07-12 11:01,2024-07-12 11:13,Email,Média,Resolvido,TI,Carlos Lima,N1,0.2,24,Sim
INC-01811,2024-07-12 14:41,2024-07-12 15:35,Acesso/Senha,Baixa,Resolvido,Financeiro,Fernanda Cruz,N3,0.9,48,Sim
INC-01933,2024-07-12 14:47,2024-07-13 06:35,Hardware,Baixa,Resolvido,Operações,Fernanda Cruz,N3,15.8,48,Sim
INC-00905,2024-07-13 13:40,2024-07-13 17:34,Acesso/Senha,Média,Resolvido,TI,Bruno Reis,N2,3.9,24,Sim
INC-01406,2024-07-14 09:52,2024-07-14 13:40,Acesso/Senha,Baixa,Resolvido,Operações,Ana Souza,N1,3.8,48,Sim
INC-01999,2024-07-15 12:08,2024-07-15 12:20,Sistema Interno,Crítica,Resolvido,Operações,Diego Alves,N2,0.2,4,Sim
INC-01809,2024-07-15 13:15,2024-07-15 18:39,Software,Alta,Resolvido,Financeiro,Fernanda Cruz,N3,5.4,8,Sim
INC-01367,2024-07-15 17:07,2024-07-15 18:19,Impressora,Alta,Resolvido,Financeiro,Ana Souza,N1,1.2,8,Sim
INC-01685,2024-07-16 08:22,2024-07-16 15:16,Impressora,Baixa,Resolvido,Operações,Diego Alves,N2,6.9,48,Sim
INC-00476,2024-07-16 13:17,2024-07-16 18:11,Software,Média,Resolvido,Operações,Bruno Reis,N2,4.9,24,Sim
INC-00673,2024-07-16 15:31,2024-07-17 19:49,Sistema Interno,Média,Resolvido,Operações,Ana Souza,N1,28.3,24,Não
INC-00051,2024-07-17 09:07,2024-07-17 14:07,Hardware,Média,Resolvido,Financeiro,Bruno Reis,N2,5.0,24,Sim
INC-00596,2024-07-17 09:39,2024-07-17 10:33,Software,Média,Resolvido,TI,Fernanda Cruz,N3,0.9,24,Sim
INC-01071,2024-07-17 10:33,2024-07-18 04:57,Hardware,Média,Resolvido,Comercial,Fernanda Cruz,N3,18.4,24,Sim
INC-00990,2024-07-17 13:07,2024-07-17 16:43,Hardware,Baixa,Resolvido,Comercial,Carlos Lima,N1,3.6,48,Sim
INC-01282,2024-07-18 09:56,2024-07-18 19:02,Impressora,Baixa,Resolvido,Logística,Ana Souza,N1,9.1,48,Sim
INC-01678,2024-07-19 08:41,2024-07-19 10:41,Impressora,Alta,Resolvido,TI,Carlos Lima,N1,2.0,8,Sim
INC-00610,2024-07-19 09:15,2024-07-19 12:09,Email,Alta,Resolvido,Logística,Diego Alves,N2,2.9,8,Sim
INC-02020,2024-07-20 09:27,2024-07-20 13:51,Impressora,Média,Resolvido,Financeiro,Bruno Reis,N2,4.4,24,Sim
INC-00338,2024-07-20 12:39,2024-07-21 11:09,Hardware,Baixa,Resolvido,Diretoria,Ana Souza,N1,22.5,48,Sim
INC-01619,2024-07-20 13:00,2024-07-21 02:24,Rede/Internet,Média,Resolvido,Operações,Bruno Reis,N2,13.4,24,Sim
INC-02457,2024-07-22 07:28,2024-07-22 19:28,Impressora,Alta,Resolvido,Comercial,Bruno Reis,N2,12.0,8,Não
INC-00282,2024-07-22 07:36,2024-07-22 09:24,Rede/Internet,Alta,Resolvido,Financeiro,Bruno Reis,N2,1.8,8,Sim
INC-02395,2024-07-22 09:49,2024-07-22 11:31,Email,Média,Resolvido,Diretoria,Bruno Reis,N2,1.7,24,Sim
INC-01841,2024-07-22 10:03,2024-07-22 12:33,Impressora,Média,Resolvido,TI,Diego Alves,N2,2.5,24,Sim
INC-00857,2024-07-22 10:11,2024-07-22 19:23,Rede/Internet,Baixa,Resolvido,Logística,Fernanda Cruz,N3,9.2,48,Sim
INC-01684,2024-07-22 10:31,2024-07-22 18:25,Software,Baixa,Resolvido,Logística,Ana Souza,N1,7.9,48,Sim
INC-01822,2024-07-22 10:54,2024-07-22 11:24,Hardware,Alta,Resolvido,RH,Bruno Reis,N2,0.5,8,Sim
INC-00467,2024-07-22 13:56,2024-07-22 14:08,Software,Alta,Resolvido,Operações,Diego Alves,N2,0.2,8,Sim
INC-01424,2024-07-22 16:36,2024-07-22 23:24,Acesso/Senha,Média,Resolvido,Logística,Fernanda Cruz,N3,6.8,24,Sim
INC-00776,2024-07-23 15:29,2024-07-23 18:59,Impressora,Média,Resolvido,Financeiro,Ana Souza,N1,3.5,24,Sim
INC-01838,2024-07-23 17:58,2024-07-24 11:04,Hardware,Média,Resolvido,RH,Bruno Reis,N2,17.1,24,Sim
INC-00805,2024-07-24 09:53,2024-07-24 10:35,Acesso/Senha,Alta,Resolvido,Logística,Bruno Reis,N2,0.7,8,Sim
INC-02149,2024-07-24 11:08,2024-07-24 12:02,Software,Média,Resolvido,TI,Fernanda Cruz,N3,0.9,24,Sim
INC-00097,2024-07-24 13:21,2024-07-24 15:27,Acesso/Senha,Alta,Resolvido,TI,Fernanda Cruz,N3,2.1,8,Sim
INC-02055,2024-07-24 14:50,2024-07-24 15:14,Email,Alta,Resolvido,Financeiro,Diego Alves,N2,0.4,8,Sim
INC-02341,2024-07-25 07:45,2024-07-30 04:51,Sistema Interno,Baixa,Resolvido,Operações,Bruno Reis,N2,117.1,48,Não
INC-01539,2024-07-25 08:33,2024-07-25 09:09,Software,Alta,Resolvido,Diretoria,Carlos Lima,N1,0.6,8,Sim
INC-00906,2024-07-25 08:44,2024-07-25 11:56,Email,Média,Resolvido,Comercial,Ana Souza,N1,3.2,24,Sim
INC-02465,2024-07-25 12:46,2024-07-25 14:28,Email,Baixa,Resolvido,Logística,Bruno Reis,N2,1.7,48,Sim
INC-00588,2024-07-26 11:09,2024-07-27 02:27,Software,Média,Resolvido,RH,Fernanda Cruz,N3,15.3,24,Sim
INC-00444,2024-07-26 12:43,2024-07-26 15:07,Rede/Internet,Baixa,Resolvido,TI,Diego Alves,N2,2.4,48,Sim
INC-02102,2024-07-26 14:31,2024-07-26 15:43,Acesso/Senha,Alta,Resolvido,Logística,Fernanda Cruz,N3,1.2,8,Sim
INC-02411,2024-07-26 16:36,2024-07-26 16:48,Acesso/Senha,Média,Resolvido,RH,Bruno Reis,N2,0.2,24,Sim
INC-00838,2024-07-27 09:43,2024-07-27 10:55,Acesso/Senha,Média,Resolvido,Operações,Diego Alves,N2,1.2,24,Sim
INC-00605,2024-07-29 07:08,2024-07-29 13:38,Acesso/Senha,Baixa,Resolvido,Diretoria,Carlos Lima,N1,6.5,48,Sim
INC-00923,2024-07-29 09:01,2024-07-29 09:25,Rede/Internet,Baixa,Resolvido,Operações,Fernanda Cruz,N3,0.4,48,Sim
INC-00911,2024-07-29 09:08,2024-07-30 06:38,Hardware,Baixa,Resolvido,TI,Carlos Lima,N1,21.5,48,Sim
INC-02387,2024-07-29 09:38,2024-07-29 10:02,Acesso/Senha,Média,Resolvido,Logística,Ana Souza,N1,0.4,24,Sim
INC-02491,2024-07-29 11:22,2024-07-29 11:58,Acesso/Senha,Média,Resolvido,Operações,Bruno Reis,N2,0.6,24,Sim
INC-00606,2024-07-29 14:36,2024-07-29 16:18,Acesso/Senha,Alta,Resolvido,TI,Carlos Lima,N1,1.7,8,Sim
INC-01835,2024-07-29 14:48,2024-07-29 15:06,Email,Média,Resolvido,Diretoria,Ana Souza,N1,0.3,24,Sim
INC-02135,2024-07-30 07:44,2024-07-30 12:14,Software,Alta,Resolvido,TI,Fernanda Cruz,N3,4.5,8,Sim
INC-00985,2024-07-30 11:48,2024-07-30 13:24,Acesso/Senha,Média,Resolvido,Diretoria,Carlos Lima,N1,1.6,24,Sim
INC-00708,2024-07-30 12:17,2024-07-30 21:23,Hardware,Média,Resolvido,Diretoria,Diego Alves,N2,9.1,24,Sim
INC-01138,2024-07-31 12:06,2024-07-31 13:54,Acesso/Senha,Média,Resolvido,Operações,Ana Souza,N1,1.8,24,Sim
INC-01995,2024-07-31 12:59,2024-07-31 17:47,Hardware,Baixa,Resolvido,Comercial,Ana Souza,N1,4.8,48,Sim
INC-00504,2024-08-01 08:08,2024-08-01 11:44,Impressora,Alta,Resolvido,TI,Bruno Reis,N2,3.6,8,Sim
INC-01276,2024-08-01 09:35,2024-08-01 12:47,Acesso/Senha,Média,Resolvido,Diretoria,Fernanda Cruz,N3,3.2,24,Sim
INC-02428,2024-08-01 11:48,2024-08-01 12:24,Software,Média,Resolvido,Operações,Fernanda Cruz,N3,0.6,24,Sim
INC-01506,2024-08-01 12:40,2024-08-01 15:04,Hardware,Média,Resolvido,Financeiro,Fernanda Cruz,N3,2.4,24,Sim
INC-01659,2024-08-01 13:38,2024-08-02 19:50,Rede/Internet,Média,Resolvido,Diretoria,Diego Alves,N2,30.2,24,Não
INC-00447,2024-08-01 13:43,2024-08-01 20:43,Rede/Internet,Média,Resolvido,Operações,Carlos Lima,N1,7.0,24,Sim
INC-02166,2024-08-01 15:38,2024-08-01 17:02,Software,Média,Resolvido,Logística,Bruno Reis,N2,1.4,24,Sim
INC-01709,2024-08-02 10:43,2024-08-03 20:31,Sistema Interno,Média,Resolvido,Diretoria,Diego Alves,N2,33.8,24,Não
INC-02023,2024-08-02 10:45,2024-08-02 10:57,Acesso/Senha,Crítica,Resolvido,Comercial,Carlos Lima,N1,0.2,4,Sim
INC-01925,2024-08-03 12:43,2024-08-03 18:55,Hardware,Média,Resolvido,Financeiro,Bruno Reis,N2,6.2,24,Sim
INC-00441,2024-08-05 09:03,2024-08-05 15:27,Software,Média,Resolvido,Comercial,Bruno Reis,N2,6.4,24,Sim
INC-00019,2024-08-05 09:57,2024-08-06 03:15,Sistema Interno,Baixa,Resolvido,Diretoria,Ana Souza,N1,17.3,48,Sim
INC-00757,2024-08-05 10:59,2024-08-06 04:11,Software,Alta,Resolvido,RH,Fernanda Cruz,N3,17.2,8,Não
INC-00543,2024-08-05 11:19,2024-08-08 04:01,Rede/Internet,Baixa,Resolvido,Financeiro,Carlos Lima,N1,64.7,48,Não
INC-00296,2024-08-05 11:35,2024-08-05 11:47,Acesso/Senha,Baixa,Resolvido,Financeiro,Diego Alves,N2,0.2,48,Sim
INC-01155,2024-08-05 12:06,2024-08-05 15:12,Hardware,Alta,Resolvido,Financeiro,Ana Souza,N1,3.1,8,Sim
INC-01672,2024-08-05 12:22,2024-08-05 14:52,Software,Baixa,Resolvido,Comercial,Diego Alves,N2,2.5,48,Sim
INC-00113,2024-08-05 12:40,2024-08-05 12:52,Acesso/Senha,Média,Resolvido,Financeiro,Fernanda Cruz,N3,0.2,24,Sim
INC-00778,2024-08-05 15:13,2024-08-05 18:55,Hardware,Crítica,Resolvido,TI,Bruno Reis,N2,3.7,4,Sim
INC-00517,2024-08-05 15:34,2024-08-05 15:46,Acesso/Senha,Baixa,Resolvido,Diretoria,Fernanda Cruz,N3,0.2,48,Sim
INC-01220,2024-08-06 11:44,2024-08-07 03:02,Sistema Interno,Média,Resolvido,Diretoria,Ana Souza,N1,15.3,24,Sim
INC-00118,2024-08-06 16:23,2024-08-06 18:11,Acesso/Senha,Média,Resolvido,Logística,Ana Souza,N1,1.8,24,Sim
INC-01665,2024-08-07 10:14,2024-08-07 15:20,Acesso/Senha,Média,Resolvido,TI,Bruno Reis,N2,5.1,24,Sim
INC-02226,2024-08-08 10:01,2024-08-08 12:13,Rede/Internet,Média,Resolvido,Comercial,Bruno Reis,N2,2.2,24,Sim
INC-00149,2024-08-08 11:08,2024-08-08 12:56,Impressora,Alta,Resolvido,Comercial,Bruno Reis,N2,1.8,8,Sim
INC-00886,2024-08-08 12:56,2024-08-09 07:14,Hardware,Baixa,Resolvido,Financeiro,Fernanda Cruz,N3,18.3,48,Sim
INC-00090,2024-08-09 16:05,2024-08-09 16:41,Acesso/Senha,Baixa,Resolvido,Logística,Ana Souza,N1,0.6,48,Sim
INC-00530,2024-08-10 07:04,2024-08-10 07:16,Acesso/Senha,Baixa,Resolvido,Diretoria,Diego Alves,N2,0.2,48,Sim
INC-01340,2024-08-10 11:52,2024-08-10 16:58,Sistema Interno,Média,Resolvido,Comercial,Carlos Lima,N1,5.1,24,Sim
INC-00290,2024-08-11 11:22,2024-08-11 16:58,Acesso/Senha,Baixa,Resolvido,Comercial,Fernanda Cruz,N3,5.6,48,Sim
INC-01193,2024-08-12 08:53,2024-08-12 09:23,Software,Alta,Resolvido,Operações,Diego Alves,N2,0.5,8,Sim
INC-00458,2024-08-12 10:23,2024-08-13 02:35,Hardware,Baixa,Resolvido,Diretoria,Bruno Reis,N2,16.2,48,Sim
INC-00214,2024-08-12 12:03,2024-08-12 16:03,Software,Alta,Resolvido,Comercial,Diego Alves,N2,4.0,8,Sim
INC-00074,2024-08-12 15:31,2024-08-12 15:43,Acesso/Senha,Baixa,Resolvido,RH,Carlos Lima,N1,0.2,48,Sim
INC-00165,2024-08-13 07:14,2024-08-13 08:14,Software,Média,Resolvido,Financeiro,Ana Souza,N1,1.0,24,Sim
INC-02338,2024-08-13 10:16,2024-08-13 15:04,Software,Média,Resolvido,Financeiro,Bruno Reis,N2,4.8,24,Sim
INC-00211,2024-08-13 12:08,2024-08-13 20:20,Hardware,Média,Resolvido,Comercial,Carlos Lima,N1,8.2,24,Sim
INC-01830,2024-08-13 12:26,2024-08-13 16:50,Acesso/Senha,Média,Resolvido,Financeiro,Bruno Reis,N2,4.4,24,Sim
INC-01021,2024-08-13 13:45,2024-08-13 16:45,Impressora,Média,Resolvido,Financeiro,Diego Alves,N2,3.0,24,Sim
INC-00146,2024-08-14 10:19,2024-08-14 17:49,Email,Baixa,Resolvido,Comercial,Carlos Lima,N1,7.5,48,Sim
INC-02021,2024-08-14 10:36,2024-08-14 12:54,Software,Média,Resolvido,RH,Carlos Lima,N1,2.3,24,Sim
INC-01205,2024-08-14 11:47,2024-08-14 12:17,Acesso/Senha,Baixa,Resolvido,Financeiro,Carlos Lima,N1,0.5,48,Sim
INC-01866,2024-08-15 10:35,2024-08-15 17:05,Hardware,Média,Resolvido,RH,Ana Souza,N1,6.5,24,Sim
INC-02194,2024-08-15 11:25,2024-08-16 00:55,Rede/Internet,Média,Resolvido,Operações,Ana Souza,N1,13.5,24,Sim
INC-01418,2024-08-15 12:58,2024-08-16 06:16,Rede/Internet,Baixa,Resolvido,Diretoria,Fernanda Cruz,N3,17.3,48,Sim
INC-01673,2024-08-15 13:42,2024-08-15 16:00,Acesso/Senha,Baixa,Resolvido,RH,Ana Souza,N1,2.3,48,Sim
INC-01747,2024-08-16 07:54,2024-08-16 08:36,Acesso/Senha,Baixa,Resolvido,Logística,Ana Souza,N1,0.7,48,Sim
INC-01749,2024-08-16 13:29,2024-08-16 14:53,Impressora,Crítica,Resolvido,Operações,Fernanda Cruz,N3,1.4,4,Sim
INC-00183,2024-08-17 15:41,2024-08-17 15:53,Acesso/Senha,Crítica,Resolvido,TI,Fernanda Cruz,N3,0.2,4,Sim
INC-00801,2024-08-19 07:03,2024-08-19 08:15,Sistema Interno,Alta,Resolvido,Diretoria,Carlos Lima,N1,1.2,8,Sim
INC-01979,2024-08-19 10:17,2024-08-19 12:23,Email,Alta,Resolvido,Financeiro,Ana Souza,N1,2.1,8,Sim
INC-02091,2024-08-19 11:54,2024-08-19 20:30,Sistema Interno,Baixa,Resolvido,RH,Diego Alves,N2,8.6,48,Sim
INC-00672,2024-08-19 11:58,2024-08-19 13:04,Email,Alta,Resolvido,RH,Diego Alves,N2,1.1,8,Sim
INC-00109,2024-08-19 12:00,2024-08-19 14:42,Email,Média,Resolvido,Logística,Fernanda Cruz,N3,2.7,24,Sim
INC-01704,2024-08-19 12:21,2024-08-19 16:33,Email,Baixa,Resolvido,Diretoria,Ana Souza,N1,4.2,48,Sim
INC-00261,2024-08-19 13:53,2024-08-19 21:59,Rede/Internet,Média,Resolvido,Logística,Bruno Reis,N2,8.1,24,Sim
INC-00490,2024-08-19 15:20,2024-08-19 16:08,Email,Alta,Resolvido,Diretoria,Fernanda Cruz,N3,0.8,8,Sim
INC-02148,2024-08-19 15:25,2024-08-19 19:49,Software,Média,Resolvido,Operações,Carlos Lima,N1,4.4,24,Sim
INC-02374,2024-08-20 07:12,2024-08-21 11:42,Hardware,Alta,Resolvido,Diretoria,Diego Alves,N2,28.5,8,Não
INC-00230,2024-08-20 15:34,2024-08-20 15:58,Acesso/Senha,Alta,Resolvido,Financeiro,Diego Alves,N2,0.4,8,Sim
INC-01562,2024-08-21 08:12,2024-08-21 09:36,Acesso/Senha,Alta,Resolvido,Comercial,Carlos Lima,N1,1.4,8,Sim
INC-01552,2024-08-21 11:01,2024-08-21 15:13,Acesso/Senha,Baixa,Resolvido,Diretoria,Diego Alves,N2,4.2,48,Sim
INC-00863,2024-08-21 13:00,2024-08-21 13:12,Software,Média,Resolvido,Financeiro,Carlos Lima,N1,0.2,24,Sim
INC-02098,2024-08-21 14:48,2024-08-21 17:42,Rede/Internet,Média,Resolvido,TI,Fernanda Cruz,N3,2.9,24,Sim
INC-00689,2024-08-22 07:33,2024-08-22 13:39,Email,Média,Resolvido,Comercial,Carlos Lima,N1,6.1,24,Sim
INC-01358,2024-08-22 15:25,2024-08-22 18:49,Email,Baixa,Resolvido,TI,Carlos Lima,N1,3.4,48,Sim
INC-00022,2024-08-22 16:37,2024-08-23 04:37,Hardware,Média,Resolvido,Logística,Bruno Reis,N2,12.0,24,Sim
INC-00614,2024-08-23 11:33,2024-08-23 11:45,Acesso/Senha,Baixa,Resolvido,RH,Bruno Reis,N2,0.2,48,Sim
INC-02435,2024-08-24 10:00,2024-08-25 08:30,Sistema Interno,Baixa,Resolvido,Operações,Bruno Reis,N2,22.5,48,Sim
INC-01715,2024-08-26 07:12,2024-08-26 07:36,Acesso/Senha,Crítica,Resolvido,Logística,Carlos Lima,N1,0.4,4,Sim
INC-00431,2024-08-26 07:14,2024-08-27 17:32,Rede/Internet,Média,Resolvido,Logística,Ana Souza,N1,34.3,24,Não
INC-02493,2024-08-26 07:22,2024-08-26 15:40,Hardware,Baixa,Resolvido,Logística,Carlos Lima,N1,8.3,48,Sim
INC-00950,2024-08-26 11:44,2024-08-28 13:02,Sistema Interno,Baixa,Resolvido,Operações,Carlos Lima,N1,49.3,48,Não
INC-00133,2024-08-26 12:29,2024-08-26 13:35,Acesso/Senha,Baixa,Resolvido,Comercial,Bruno Reis,N2,1.1,48,Sim
INC-01231,2024-08-26 13:35,2024-08-27 01:35,Acesso/Senha,Baixa,Resolvido,Logística,Ana Souza,N1,12.0,48,Sim
INC-02274,2024-08-26 15:45,2024-08-27 04:21,Rede/Internet,Média,Resolvido,RH,Ana Souza,N1,12.6,24,Sim
INC-00963,2024-08-26 16:29,2024-08-26 19:47,Email,Média,Resolvido,Operações,Bruno Reis,N2,3.3,24,Sim
INC-00668,2024-08-27 11:01,2024-08-27 17:13,Software,Baixa,Resolvido,Diretoria,Carlos Lima,N1,6.2,48,Sim
INC-01649,2024-08-27 12:27,2024-08-27 14:03,Rede/Internet,Alta,Resolvido,Logística,Ana Souza,N1,1.6,8,Sim
INC-00054,2024-08-28 09:31,2024-08-28 18:55,Hardware,Crítica,Resolvido,Logística,Ana Souza,N1,9.4,4,Não
INC-01314,2024-08-28 10:38,2024-08-28 13:56,Hardware,Baixa,Resolvido,Comercial,Bruno Reis,N2,3.3,48,Sim
INC-00868,2024-08-28 11:56,2024-08-28 16:02,Software,Baixa,Resolvido,TI,Ana Souza,N1,4.1,48,Sim
INC-02073,2024-08-29 07:16,2024-08-29 08:16,Email,Média,Resolvido,Comercial,Carlos Lima,N1,1.0,24,Sim
INC-01961,2024-08-29 08:10,2024-08-29 09:46,Acesso/Senha,Média,Resolvido,TI,Carlos Lima,N1,1.6,24,Sim
INC-01814,2024-08-29 15:43,2024-08-29 16:01,Impressora,Crítica,Resolvido,Diretoria,Diego Alves,N2,0.3,4,Sim
INC-01379,2024-08-30 08:48,2024-08-30 20:24,Email,Baixa,Resolvido,Diretoria,Carlos Lima,N1,11.6,48,Sim
INC-01622,2024-08-30 10:19,2024-08-30 10:37,Acesso/Senha,Média,Resolvido,Financeiro,Ana Souza,N1,0.3,24,Sim
INC-00761,2024-08-30 10:56,2024-08-30 12:08,Acesso/Senha,Baixa,Resolvido,Diretoria,Carlos Lima,N1,1.2,48,Sim
INC-00751,2024-08-31 07:00,2024-08-31 13:42,Rede/Internet,Baixa,Resolvido,Diretoria,Bruno Reis,N2,6.7,48,Sim
INC-02185,2024-08-31 11:39,2024-08-31 13:45,Impressora,Alta,Resolvido,Financeiro,Carlos Lima,N1,2.1,8,Sim
INC-01393,2024-08-31 12:51,2024-08-31 22:09,Rede/Internet,Baixa,Resolvido,RH,Carlos Lima,N1,9.3,48,Sim
INC-02181,2024-09-01 09:50,2024-09-01 13:56,Software,Média,Resolvido,TI,Ana Souza,N1,4.1,24,Sim
INC-00287,2024-09-01 11:47,2024-09-01 12:17,Rede/Internet,Alta,Resolvido,Comercial,Fernanda Cruz,N3,0.5,8,Sim
INC-02287,2024-09-01 13:18,2024-09-01 19:12,Impressora,Média,Resolvido,Operações,Carlos Lima,N1,5.9,24,Sim
INC-02104,2024-09-02 07:33,2024-09-02 08:09,Acesso/Senha,Alta,Resolvido,Financeiro,Diego Alves,N2,0.6,8,Sim
INC-01105,2024-09-02 08:04,2024-09-02 08:16,Acesso/Senha,Alta,Resolvido,Diretoria,Bruno Reis,N2,0.2,8,Sim
INC-02157,2024-09-02 09:12,2024-09-02 09:36,Acesso/Senha,Média,Resolvido,Comercial,Bruno Reis,N2,0.4,24,Sim
INC-00992,2024-09-02 09:26,2024-09-02 19:26,Software,Média,Resolvido,Diretoria,Bruno Reis,N2,10.0,24,Sim
INC-01436,2024-09-02 10:02,2024-09-02 10:44,Acesso/Senha,Alta,Resolvido,Diretoria,Carlos Lima,N1,0.7,8,Sim
INC-00700,2024-09-02 12:50,2024-09-03 16:08,Software,Baixa,Resolvido,TI,Fernanda Cruz,N3,27.3,48,Sim
INC-01797,2024-09-02 13:06,2024-09-02 14:00,Acesso/Senha,Baixa,Resolvido,TI,Diego Alves,N2,0.9,48,Sim
INC-01601,2024-09-02 13:42,2024-09-02 14:42,Hardware,Alta,Resolvido,Diretoria,Diego Alves,N2,1.0,8,Sim
INC-01918,2024-09-02 19:30,2024-09-03 04:06,Hardware,Média,Resolvido,TI,Carlos Lima,N1,8.6,24,Sim
INC-01777,2024-09-03 09:50,2024-09-03 17:50,Sistema Interno,Crítica,Resolvido,Comercial,Diego Alves,N2,8.0,4,Não
INC-02079,2024-09-03 11:09,2024-09-03 20:57,Software,Baixa,Resolvido,Logística,Bruno Reis,N2,9.8,48,Sim
INC-01100,2024-09-03 11:27,2024-09-03 14:15,Rede/Internet,Média,Resolvido,Comercial,Diego Alves,N2,2.8,24,Sim
INC-00817,2024-09-03 11:41,2024-09-03 11:53,Acesso/Senha,Crítica,Resolvido,TI,Carlos Lima,N1,0.2,4,Sim
INC-00204,2024-09-03 15:51,2024-09-03 19:27,Rede/Internet,Alta,Resolvido,Operações,Carlos Lima,N1,3.6,8,Sim
INC-00327,2024-09-04 07:43,2024-09-04 08:13,Email,Média,Resolvido,Comercial,Fernanda Cruz,N3,0.5,24,Sim
INC-00583,2024-09-04 12:21,2024-09-04 12:39,Software,Média,Resolvido,TI,Bruno Reis,N2,0.3,24,Sim
INC-00422,2024-09-05 07:37,2024-09-05 10:43,Acesso/Senha,Média,Resolvido,Diretoria,Diego Alves,N2,3.1,24,Sim
INC-00926,2024-09-05 10:40,2024-09-05 19:40,Software,Alta,Resolvido,Diretoria,Diego Alves,N2,9.0,8,Não
INC-00506,2024-09-05 12:30,2024-09-05 13:12,Email,Baixa,Resolvido,Financeiro,Diego Alves,N2,0.7,48,Sim
INC-00495,2024-09-06 13:11,2024-09-06 20:35,Acesso/Senha,Baixa,Resolvido,Comercial,Diego Alves,N2,7.4,48,Sim
INC-01589,2024-09-06 13:35,2024-09-06 23:53,Email,Média,Resolvido,TI,Diego Alves,N2,10.3,24,Sim
INC-00048,2024-09-06 14:09,2024-09-07 01:45,Software,Média,Resolvido,Diretoria,Fernanda Cruz,N3,11.6,24,Sim
INC-01568,2024-09-06 15:51,2024-09-06 17:33,Hardware,Baixa,Resolvido,Diretoria,Diego Alves,N2,1.7,48,Sim
INC-01150,2024-09-06 17:08,2024-09-06 18:02,Acesso/Senha,Baixa,Resolvido,Logística,Diego Alves,N2,0.9,48,Sim
INC-02356,2024-09-08 09:32,2024-09-08 12:02,Email,Média,Resolvido,Financeiro,Ana Souza,N1,2.5,24,Sim
INC-00947,2024-09-09 07:18,2024-09-09 19:36,Hardware,Baixa,Resolvido,Financeiro,Ana Souza,N1,12.3,48,Sim
INC-01541,2024-09-09 07:20,2024-09-09 14:44,Software,Média,Resolvido,Operações,Carlos Lima,N1,7.4,24,Sim
INC-00954,2024-09-09 08:09,2024-09-12 03:45,Hardware,Baixa,Resolvido,Diretoria,Carlos Lima,N1,67.6,48,Não
INC-01204,2024-09-09 10:23,2024-09-09 11:17,Acesso/Senha,Baixa,Resolvido,Diretoria,Bruno Reis,N2,0.9,48,Sim
INC-00675,2024-09-09 10:49,2024-09-09 16:01,Hardware,Média,Resolvido,TI,Fernanda Cruz,N3,5.2,24,Sim
INC-00714,2024-09-09 11:08,2024-09-09 13:38,Acesso/Senha,Crítica,Resolvido,TI,Fernanda Cruz,N3,2.5,4,Sim
INC-01765,2024-09-09 11:21,2024-09-09 13:15,Acesso/Senha,Baixa,Resolvido,Diretoria,Ana Souza,N1,1.9,48,Sim
INC-00753,2024-09-09 11:40,2024-09-09 18:16,Software,Baixa,Resolvido,Operações,Fernanda Cruz,N3,6.6,48,Sim
INC-00406,2024-09-09 12:24,2024-09-09 18:48,Rede/Internet,Média,Resolvido,Comercial,Carlos Lima,N1,6.4,24,Sim
INC-00068,2024-09-10 08:36,2024-09-10 17:12,Sistema Interno,Crítica,Resolvido,Financeiro,Ana Souza,N1,8.6,4,Não
INC-02267,2024-09-10 10:45,2024-09-10 21:27,Software,Baixa,Resolvido,TI,Carlos Lima,N1,10.7,48,Sim
INC-02152,2024-09-10 12:16,2024-09-10 19:40,Impressora,Baixa,Resolvido,RH,Carlos Lima,N1,7.4,48,Sim
INC-00117,2024-09-13 07:22,2024-09-14 05:10,Sistema Interno,Alta,Resolvido,Financeiro,Ana Souza,N1,21.8,8,Não
INC-00621,2024-09-13 13:31,2024-09-13 19:19,Software,Crítica,Resolvido,Financeiro,Fernanda Cruz,N3,5.8,4,Não
INC-00409,2024-09-13 14:00,2024-09-13 15:54,Acesso/Senha,Média,Resolvido,TI,Bruno Reis,N2,1.9,24,Sim
INC-00529,2024-09-14 13:39,2024-09-14 14:03,Acesso/Senha,Média,Resolvido,Financeiro,Fernanda Cruz,N3,0.4,24,Sim
INC-00309,2024-09-16 07:07,2024-09-16 19:43,Rede/Internet,Baixa,Resolvido,Diretoria,Ana Souza,N1,12.6,48,Sim
INC-02003,2024-09-16 07:32,2024-09-16 10:14,Software,Crítica,Resolvido,RH,Bruno Reis,N2,2.7,4,Sim
INC-01284,2024-09-16 07:55,2024-09-16 10:13,Email,Média,Resolvido,Diretoria,Diego Alves,N2,2.3,24,Sim
INC-02168,2024-09-16 10:58,2024-09-16 17:46,Software,Média,Resolvido,Comercial,Bruno Reis,N2,6.8,24,Sim
INC-01718,2024-09-16 11:27,2024-09-16 23:33,Impressora,Baixa,Resolvido,RH,Bruno Reis,N2,12.1,48,Sim
INC-01050,2024-09-16 12:03,2024-09-17 04:03,Hardware,Média,Resolvido,RH,Carlos Lima,N1,16.0,24,Sim
INC-01346,2024-09-16 14:28,2024-09-17 01:22,Software,Baixa,Resolvido,Logística,Ana Souza,N1,10.9,48,Sim
INC-01922,2024-09-16 14:42,2024-09-16 14:54,Acesso/Senha,Alta,Resolvido,Comercial,Carlos Lima,N1,0.2,8,Sim
INC-00561,2024-09-16 16:27,2024-09-16 19:03,Impressora,Alta,Resolvido,Logística,Bruno Reis,N2,2.6,8,Sim
INC-00317,2024-09-17 14:59,2024-09-17 16:41,Acesso/Senha,Baixa,Resolvido,Logística,Diego Alves,N2,1.7,48,Sim
INC-02492,2024-09-18 07:17,2024-09-18 12:29,Hardware,Média,Resolvido,Comercial,Carlos Lima,N1,5.2,24,Sim
INC-01099,2024-09-18 07:50,2024-09-18 16:56,Software,Baixa,Resolvido,Financeiro,Diego Alves,N2,9.1,48,Sim
INC-00228,2024-09-18 12:05,2024-09-18 14:41,Acesso/Senha,Baixa,Resolvido,Logística,Bruno Reis,N2,2.6,48,Sim
INC-01654,2024-09-18 15:02,2024-09-19 05:26,Software,Baixa,Resolvido,Financeiro,Bruno Reis,N2,14.4,48,Sim
INC-00515,2024-09-19 08:39,2024-09-19 08:51,Acesso/Senha,Alta,Resolvido,RH,Fernanda Cruz,N3,0.2,8,Sim
INC-00938,2024-09-19 11:49,2024-09-19 16:07,Impressora,Baixa,Resolvido,Comercial,Carlos Lima,N1,4.3,48,Sim
INC-02286,2024-09-19 12:06,2024-09-20 04:48,Software,Baixa,Resolvido,Comercial,Bruno Reis,N2,16.7,48,Sim
INC-01981,2024-09-19 14:19,2024-09-19 14:37,Acesso/Senha,Baixa,Resolvido,TI,Diego Alves,N2,0.3,48,Sim
INC-00719,2024-09-19 15:05,2024-09-19 15:47,Email,Média,Resolvido,Comercial,Carlos Lima,N1,0.7,24,Sim
INC-02297,2024-09-20 07:42,2024-09-20 09:18,Software,Crítica,Resolvido,TI,Diego Alves,N2,1.6,4,Sim
INC-00294,2024-09-20 10:47,2024-09-20 16:23,Rede/Internet,Crítica,Resolvido,Financeiro,Bruno Reis,N2,5.6,4,Não
INC-01505,2024-09-20 11:12,2024-09-21 09:00,Rede/Internet,Baixa,Resolvido,Operações,Carlos Lima,N1,21.8,48,Sim
INC-01858,2024-09-20 11:16,2024-09-20 13:40,Software,Baixa,Resolvido,RH,Carlos Lima,N1,2.4,48,Sim
INC-00045,2024-09-20 17:54,2024-09-20 18:12,Acesso/Senha,Média,Resolvido,Diretoria,Ana Souza,N1,0.3,24,Sim
INC-00971,2024-09-22 10:06,2024-09-23 04:42,Rede/Internet,Baixa,Resolvido,Diretoria,Diego Alves,N2,18.6,48,Sim
INC-01375,2024-09-23 07:45,2024-09-23 07:57,Acesso/Senha,Baixa,Resolvido,Logística,Ana Souza,N1,0.2,48,Sim
INC-00746,2024-09-23 09:01,2024-09-24 00:49,Rede/Internet,Alta,Resolvido,RH,Carlos Lima,N1,15.8,8,Não
INC-02109,2024-09-23 09:05,2024-09-23 09:53,Acesso/Senha,Média,Resolvido,Operações,Bruno Reis,N2,0.8,24,Sim
INC-01495,2024-09-23 10:18,2024-09-25 01:30,Software,Baixa,Resolvido,Logística,Diego Alves,N2,39.2,48,Sim
INC-00693,2024-09-23 11:39,2024-09-23 16:45,Rede/Internet,Baixa,Resolvido,Comercial,Bruno Reis,N2,5.1,48,Sim
INC-00638,2024-09-23 11:45,2024-09-23 18:09,Sistema Interno,Alta,Resolvido,RH,Bruno Reis,N2,6.4,8,Sim
INC-00417,2024-09-23 11:54,2024-09-23 12:30,Rede/Internet,Média,Resolvido,Financeiro,Carlos Lima,N1,0.6,24,Sim
INC-01906,2024-09-23 12:00,2024-09-24 06:54,Impressora,Baixa,Resolvido,Logística,Bruno Reis,N2,18.9,48,Sim
INC-00806,2024-09-23 12:13,2024-09-23 14:01,Software,Baixa,Resolvido,Logística,Fernanda Cruz,N3,1.8,48,Sim
INC-00089,2024-09-23 13:55,2024-09-24 12:43,Software,Baixa,Resolvido,TI,Fernanda Cruz,N3,22.8,48,Sim
INC-01147,2024-09-23 15:04,2024-09-23 17:40,Acesso/Senha,Baixa,Resolvido,TI,Fernanda Cruz,N3,2.6,48,Sim
INC-01362,2024-09-24 07:13,2024-09-24 07:25,Email,Média,Resolvido,TI,Carlos Lima,N1,0.2,24,Sim
INC-00402,2024-09-24 07:47,2024-09-24 08:41,Hardware,Média,Resolvido,Financeiro,Diego Alves,N2,0.9,24,Sim
INC-00020,2024-09-24 10:16,2024-09-24 12:46,Hardware,Crítica,Resolvido,Financeiro,Fernanda Cruz,N3,2.5,4,Sim
INC-00677,2024-09-24 14:17,2024-09-24 22:47,Software,Média,Resolvido,Operações,Ana Souza,N1,8.5,24,Sim
INC-01360,2024-09-25 07:29,2024-09-25 07:47,Acesso/Senha,Média,Resolvido,Operações,Carlos Lima,N1,0.3,24,Sim
INC-01297,2024-09-25 07:31,2024-09-25 09:25,Acesso/Senha,Baixa,Resolvido,RH,Diego Alves,N2,1.9,48,Sim
INC-01658,2024-09-25 08:41,2024-09-25 10:53,Acesso/Senha,Baixa,Resolvido,Diretoria,Diego Alves,N2,2.2,48,Sim
INC-02244,2024-09-25 13:47,2024-09-25 15:23,Acesso/Senha,Alta,Resolvido,Operações,Bruno Reis,N2,1.6,8,Sim
INC-00782,2024-09-27 07:03,2024-09-27 14:39,Rede/Internet,Média,Resolvido,Operações,Carlos Lima,N1,7.6,24,Sim
INC-00197,2024-09-27 11:37,2024-09-28 07:25,Hardware,Média,Resolvido,Diretoria,Carlos Lima,N1,19.8,24,Sim
INC-01959,2024-09-28 14:32,2024-09-28 20:08,Email,Baixa,Resolvido,Operações,Fernanda Cruz,N3,5.6,48,Sim
INC-02083,2024-09-29 09:18,2024-09-29 13:18,Impressora,Baixa,Resolvido,Operações,Ana Souza,N1,4.0,48,Sim
INC-00948,2024-09-30 10:30,2024-10-01 13:06,Hardware,Baixa,Resolvido,Financeiro,Carlos Lima,N1,26.6,48,Sim
INC-01509,2024-09-30 11:11,2024-09-30 13:17,Sistema Interno,Média,Resolvido,Financeiro,Fernanda Cruz,N3,2.1,24,Sim
INC-00918,2024-09-30 11:24,2024-10-01 06:06,Hardware,Baixa,Resolvido,Financeiro,Diego Alves,N2,18.7,48,Sim
INC-01946,2024-09-30 11:27,2024-09-30 17:33,Software,Alta,Resolvido,TI,Fernanda Cruz,N3,6.1,8,Sim
INC-01526,2024-09-30 12:24,2024-09-30 12:42,Acesso/Senha,Baixa,Resolvido,RH,Fernanda Cruz,N3,0.3,48,Sim
INC-00245,2024-09-30 15:30,2024-09-30 16:30,Software,Média,Resolvido,Logística,Carlos Lima,N1,1.0,24,Sim
INC-01702,2024-09-30 16:25,2024-09-30 18:07,Acesso/Senha,Média,Resolvido,Logística,Ana Souza,N1,1.7,24,Sim
INC-02178,2024-09-30 16:54,2024-10-01 19:24,Rede/Internet,Média,Resolvido,Comercial,Carlos Lima,N1,26.5,24,Não
INC-01378,2024-10-01 09:27,2024-10-01 12:39,Software,Crítica,Resolvido,Comercial,Ana Souza,N1,3.2,4,Sim
INC-01111,2024-10-01 09:44,2024-10-01 15:26,Impressora,Média,Resolvido,RH,Ana Souza,N1,5.7,24,Sim
INC-01265,2024-10-01 10:04,2024-10-01 14:04,Impressora,Baixa,Resolvido,Comercial,Carlos Lima,N1,4.0,48,Sim
INC-00484,2024-10-01 11:07,2024-10-01 13:31,Impressora,Baixa,Resolvido,RH,Bruno Reis,N2,2.4,48,Sim
INC-02227,2024-10-01 12:23,2024-10-02 03:05,Software,Baixa,Resolvido,Comercial,Bruno Reis,N2,14.7,48,Sim
INC-00035,2024-10-01 14:02,2024-10-01 19:32,Acesso/Senha,Média,Resolvido,Comercial,Carlos Lima,N1,5.5,24,Sim
INC-00877,2024-10-02 07:01,2024-10-02 09:37,Hardware,Alta,Resolvido,Logística,Diego Alves,N2,2.6,8,Sim
INC-01217,2024-10-02 08:13,2024-10-02 11:01,Acesso/Senha,Média,Resolvido,Financeiro,Fernanda Cruz,N3,2.8,24,Sim
INC-00243,2024-10-02 12:01,2024-10-02 15:19,Rede/Internet,Baixa,Resolvido,TI,Diego Alves,N2,3.3,48,Sim
INC-02043,2024-10-02 13:12,2024-10-03 02:36,Software,Baixa,Resolvido,TI,Ana Souza,N1,13.4,48,Sim
INC-01642,2024-10-03 07:38,2024-10-03 08:26,Sistema Interno,Alta,Resolvido,Logística,Fernanda Cruz,N3,0.8,8,Sim
INC-01049,2024-10-03 08:29,2024-10-03 09:35,Acesso/Senha,Baixa,Resolvido,RH,Ana Souza,N1,1.1,48,Sim
INC-01356,2024-10-03 08:48,2024-10-04 15:54,Sistema Interno,Baixa,Resolvido,RH,Bruno Reis,N2,31.1,48,Sim
INC-01813,2024-10-03 09:48,2024-10-04 01:00,Rede/Internet,Baixa,Resolvido,Financeiro,Bruno Reis,N2,15.2,48,Sim
INC-01756,2024-10-03 13:26,2024-10-04 01:50,Software,Média,Resolvido,Operações,Diego Alves,N2,12.4,24,Sim
INC-02479,2024-10-03 16:17,2024-10-03 16:29,Acesso/Senha,Alta,Resolvido,TI,Fernanda Cruz,N3,0.2,8,Sim
INC-01157,2024-10-06 08:15,2024-10-06 13:51,Rede/Internet,Baixa,Resolvido,Diretoria,Ana Souza,N1,5.6,48,Sim
INC-00218,2024-10-06 12:02,2024-10-06 15:38,Impressora,Baixa,Resolvido,Operações,Fernanda Cruz,N3,3.6,48,Sim
INC-00114,2024-10-07 11:29,2024-10-08 13:05,Rede/Internet,Baixa,Resolvido,Financeiro,Fernanda Cruz,N3,25.6,48,Sim
INC-01648,2024-10-07 12:36,2024-10-07 15:48,Software,Alta,Resolvido,TI,Carlos Lima,N1,3.2,8,Sim
INC-00369,2024-10-07 12:45,2024-10-07 17:21,Acesso/Senha,Baixa,Resolvido,TI,Carlos Lima,N1,4.6,48,Sim
INC-01516,2024-10-07 13:04,2024-10-08 04:22,Impressora,Média,Resolvido,Diretoria,Ana Souza,N1,15.3,24,Sim
INC-01721,2024-10-07 13:41,2024-10-07 20:29,Email,Baixa,Resolvido,Diretoria,Fernanda Cruz,N3,6.8,48,Sim
INC-00883,2024-10-07 17:39,2024-10-08 00:33,Hardware,Média,Resolvido,Operações,Carlos Lima,N1,6.9,24,Sim
INC-00895,2024-10-08 07:15,2024-10-09 00:57,Acesso/Senha,Baixa,Resolvido,Comercial,Fernanda Cruz,N3,17.7,48,Sim
INC-00003,2024-10-08 07:48,2024-10-08 08:12,Software,Baixa,Resolvido,Logística,Diego Alves,N2,0.4,48,Sim
INC-00523,2024-10-08 10:51,2024-10-08 11:51,Software,Média,Resolvido,Logística,Fernanda Cruz,N3,1.0,24,Sim
INC-01876,2024-10-08 11:56,2024-10-09 00:20,Hardware,Alta,Resolvido,Financeiro,Ana Souza,N1,12.4,8,Não
INC-01974,2024-10-08 13:29,2024-10-09 17:17,Rede/Internet,Baixa,Resolvido,Diretoria,Fernanda Cruz,N3,27.8,48,Sim
INC-00975,2024-10-09 08:04,2024-10-09 08:22,Acesso/Senha,Média,Resolvido,Operações,Fernanda Cruz,N3,0.3,24,Sim
INC-00224,2024-10-09 10:08,2024-10-09 12:56,Hardware,Baixa,Resolvido,RH,Bruno Reis,N2,2.8,48,Sim
INC-01504,2024-10-10 07:33,2024-10-10 14:21,Software,Baixa,Resolvido,Financeiro,Ana Souza,N1,6.8,48,Sim
INC-02255,2024-10-10 09:50,2024-10-10 13:20,Acesso/Senha,Baixa,Resolvido,Operações,Bruno Reis,N2,3.5,48,Sim
INC-00620,2024-10-10 10:49,2024-10-10 11:43,Acesso/Senha,Crítica,Resolvido,Logística,Diego Alves,N2,0.9,4,Sim
INC-01134,2024-10-10 12:47,2024-10-10 13:17,Acesso/Senha,Média,Resolvido,Operações,Bruno Reis,N2,0.5,24,Sim
INC-00665,2024-10-10 13:37,2024-10-10 14:07,Software,Baixa,Resolvido,Financeiro,Carlos Lima,N1,0.5,48,Sim
INC-00425,2024-10-11 07:41,2024-10-11 14:05,Hardware,Baixa,Resolvido,Financeiro,Fernanda Cruz,N3,6.4,48,Sim
INC-00982,2024-10-11 09:30,2024-10-11 15:18,Software,Baixa,Resolvido,RH,Carlos Lima,N1,5.8,48,Sim
INC-00558,2024-10-11 14:46,2024-10-11 15:34,Software,Alta,Resolvido,RH,Diego Alves,N2,0.8,8,Sim
INC-00069,2024-10-12 08:45,2024-10-12 09:09,Acesso/Senha,Crítica,Resolvido,Logística,Fernanda Cruz,N3,0.4,4,Sim
INC-01739,2024-10-13 07:29,2024-10-13 12:53,Acesso/Senha,Média,Resolvido,Financeiro,Ana Souza,N1,5.4,24,Sim
INC-01543,2024-10-13 12:43,2024-10-13 13:25,Email,Média,Resolvido,Financeiro,Ana Souza,N1,0.7,24,Sim
INC-01010,2024-10-14 07:00,2024-10-14 07:54,Software,Média,Resolvido,Operações,Bruno Reis,N2,0.9,24,Sim
INC-01817,2024-10-14 07:27,2024-10-14 15:51,Acesso/Senha,Baixa,Resolvido,Financeiro,Diego Alves,N2,8.4,48,Sim
INC-01901,2024-10-14 07:56,2024-10-14 16:44,Rede/Internet,Baixa,Resolvido,RH,Diego Alves,N2,8.8,48,Sim
INC-02254,2024-10-14 10:37,2024-10-14 21:43,Sistema Interno,Média,Resolvido,Comercial,Diego Alves,N2,11.1,24,Sim
INC-02164,2024-10-14 11:41,2024-10-14 13:53,Hardware,Baixa,Resolvido,Logística,Carlos Lima,N1,2.2,48,Sim
INC-00535,2024-10-14 11:51,2024-10-14 17:15,Rede/Internet,Alta,Resolvido,RH,Diego Alves,N2,5.4,8,Sim
INC-01159,2024-10-14 12:40,2024-10-14 13:40,Software,Alta,Resolvido,RH,Ana Souza,N1,1.0,8,Sim
INC-01579,2024-10-14 14:14,2024-10-14 15:14,Acesso/Senha,Baixa,Resolvido,Comercial,Diego Alves,N2,1.0,48,Sim
INC-02096,2024-10-14 16:21,2024-10-15 11:21,Impressora,Baixa,Resolvido,Operações,Fernanda Cruz,N3,19.0,48,Sim
INC-00893,2024-10-15 07:00,2024-10-15 09:18,Software,Média,Resolvido,Operações,Fernanda Cruz,N3,2.3,24,Sim
INC-02377,2024-10-15 07:28,2024-10-15 16:40,Email,Baixa,Resolvido,RH,Carlos Lima,N1,9.2,48,Sim
INC-02431,2024-10-15 10:41,2024-10-15 11:05,Software,Baixa,Resolvido,TI,Carlos Lima,N1,0.4,48,Sim
INC-01144,2024-10-15 12:20,2024-10-16 11:14,Rede/Internet,Média,Resolvido,Operações,Diego Alves,N2,22.9,24,Sim
INC-01025,2024-10-16 13:43,2024-10-16 16:01,Email,Baixa,Resolvido,Operações,Bruno Reis,N2,2.3,48,Sim
INC-01609,2024-10-16 15:43,2024-10-16 20:43,Sistema Interno,Média,Resolvido,Logística,Bruno Reis,N2,5.0,24,Sim
INC-01950,2024-10-17 07:02,2024-10-17 22:14,Software,Baixa,Resolvido,RH,Bruno Reis,N2,15.2,48,Sim
INC-01033,2024-10-17 07:06,2024-10-17 12:06,Software,Alta,Resolvido,Financeiro,Bruno Reis,N2,5.0,8,Sim
INC-02423,2024-10-17 08:08,2024-10-17 10:14,Software,Alta,Resolvido,RH,Diego Alves,N2,2.1,8,Sim
INC-01036,2024-10-17 11:47,2024-10-17 12:59,Software,Alta,Resolvido,Operações,Bruno Reis,N2,1.2,8,Sim
INC-00682,2024-10-17 15:14,2024-10-17 16:56,Acesso/Senha,Alta,Resolvido,Logística,Bruno Reis,N2,1.7,8,Sim
INC-02024,2024-10-18 07:26,2024-10-18 08:20,Hardware,Baixa,Resolvido,Comercial,Bruno Reis,N2,0.9,48,Sim
INC-01408,2024-10-18 08:40,2024-10-18 19:28,Impressora,Alta,Resolvido,Operações,Ana Souza,N1,10.8,8,Não
INC-00612,2024-10-18 08:51,2024-10-19 00:27,Software,Média,Resolvido,RH,Bruno Reis,N2,15.6,24,Sim
INC-00913,2024-10-18 10:21,2024-10-18 19:39,Hardware,Média,Resolvido,Logística,Diego Alves,N2,9.3,24,Sim
INC-01102,2024-10-18 12:54,2024-10-18 16:30,Software,Média,Resolvido,TI,Diego Alves,N2,3.6,24,Sim
INC-01745,2024-10-18 16:12,2024-10-18 19:12,Impressora,Baixa,Resolvido,RH,Ana Souza,N1,3.0,48,Sim
INC-02357,2024-10-20 09:25,2024-10-20 11:01,Acesso/Senha,Baixa,Resolvido,Operações,Ana Souza,N1,1.6,48,Sim
INC-00087,2024-10-21 08:16,2024-10-21 13:34,Hardware,Média,Resolvido,Diretoria,Ana Souza,N1,5.3,24,Sim
INC-00876,2024-10-21 08:39,2024-10-21 09:39,Software,Média,Resolvido,Diretoria,Carlos Lima,N1,1.0,24,Sim
INC-01392,2024-10-21 10:46,2024-10-21 11:58,Acesso/Senha,Alta,Resolvido,RH,Bruno Reis,N2,1.2,8,Sim
INC-01380,2024-10-21 10:51,2024-10-21 14:33,Email,Média,Resolvido,Logística,Bruno Reis,N2,3.7,24,Sim
INC-02240,2024-10-21 11:51,2024-10-21 17:27,Hardware,Alta,Resolvido,Operações,Fernanda Cruz,N3,5.6,8,Sim
INC-00173,2024-10-21 12:14,2024-10-21 12:32,Acesso/Senha,Baixa,Resolvido,Diretoria,Bruno Reis,N2,0.3,48,Sim
INC-00343,2024-10-21 12:52,2024-10-21 14:22,Acesso/Senha,Baixa,Resolvido,TI,Ana Souza,N1,1.5,48,Sim
INC-01117,2024-10-21 14:50,2024-10-21 18:44,Software,Alta,Resolvido,RH,Carlos Lima,N1,3.9,8,Sim
INC-00083,2024-10-21 16:55,2024-10-21 17:07,Email,Alta,Resolvido,Operações,Carlos Lima,N1,0.2,8,Sim
INC-01606,2024-10-22 10:24,2024-10-22 13:54,Software,Crítica,Resolvido,Financeiro,Fernanda Cruz,N3,3.5,4,Sim
INC-01856,2024-10-22 12:53,2024-10-22 13:17,Acesso/Senha,Média,Resolvido,Comercial,Ana Souza,N1,0.4,24,Sim
INC-00573,2024-10-22 15:23,2024-10-23 01:47,Hardware,Média,Resolvido,TI,Fernanda Cruz,N3,10.4,24,Sim
INC-01227,2024-10-23 07:10,2024-10-23 08:46,Hardware,Alta,Resolvido,Diretoria,Diego Alves,N2,1.6,8,Sim
INC-00236,2024-10-23 07:59,2024-10-23 12:35,Rede/Internet,Alta,Resolvido,TI,Fernanda Cruz,N3,4.6,8,Sim
INC-01042,2024-10-23 09:59,2024-10-23 12:11,Hardware,Baixa,Resolvido,Diretoria,Fernanda Cruz,N3,2.2,48,Sim
INC-00945,2024-10-23 10:24,2024-10-23 12:48,Impressora,Média,Resolvido,TI,Ana Souza,N1,2.4,24,Sim
INC-00633,2024-10-24 07:21,2024-10-24 11:51,Software,Baixa,Resolvido,TI,Fernanda Cruz,N3,4.5,48,Sim
INC-01313,2024-10-24 14:59,2024-10-24 20:11,Email,Baixa,Resolvido,Diretoria,Ana Souza,N1,5.2,48,Sim
INC-02496,2024-10-25 09:38,2024-10-25 11:08,Acesso/Senha,Alta,Resolvido,Operações,Carlos Lima,N1,1.5,8,Sim
INC-00041,2024-10-25 09:43,2024-10-25 10:07,Software,Baixa,Resolvido,TI,Diego Alves,N2,0.4,48,Sim
INC-00382,2024-10-25 13:50,2024-10-27 03:32,Hardware,Baixa,Resolvido,Diretoria,Carlos Lima,N1,37.7,48,Sim
INC-02171,2024-10-25 14:22,2024-10-25 15:52,Software,Baixa,Resolvido,Comercial,Ana Souza,N1,1.5,48,Sim
INC-01470,2024-10-25 14:49,2024-10-26 02:25,Hardware,Média,Resolvido,TI,Fernanda Cruz,N3,11.6,24,Sim
INC-01848,2024-10-28 07:06,2024-10-28 07:54,Acesso/Senha,Alta,Resolvido,Financeiro,Ana Souza,N1,0.8,8,Sim
INC-01082,2024-10-28 08:01,2024-10-29 02:37,Hardware,Baixa,Resolvido,Diretoria,Fernanda Cruz,N3,18.6,48,Sim
INC-02193,2024-10-28 10:05,2024-10-29 08:29,Hardware,Média,Resolvido,RH,Diego Alves,N2,22.4,24,Sim
INC-02229,2024-10-28 12:44,2024-10-28 14:20,Acesso/Senha,Média,Resolvido,Financeiro,Fernanda Cruz,N3,1.6,24,Sim
INC-01645,2024-10-29 07:35,2024-10-29 15:17,Software,Média,Resolvido,Operações,Diego Alves,N2,7.7,24,Sim
INC-02473,2024-10-29 07:44,2024-10-29 09:08,Hardware,Crítica,Resolvido,TI,Bruno Reis,N2,1.4,4,Sim
INC-01457,2024-10-29 07:51,2024-10-29 08:21,Software,Baixa,Resolvido,TI,Diego Alves,N2,0.5,48,Sim
INC-02281,2024-10-29 09:03,2024-10-29 21:03,Email,Média,Resolvido,Financeiro,Carlos Lima,N1,12.0,24,Sim
INC-00699,2024-10-29 10:09,2024-10-29 10:39,Software,Baixa,Resolvido,RH,Carlos Lima,N1,0.5,48,Sim
INC-00385,2024-10-29 14:41,2024-10-29 16:35,Email,Média,Resolvido,Operações,Fernanda Cruz,N3,1.9,24,Sim
INC-02410,2024-10-30 10:56,2024-10-30 12:56,Acesso/Senha,Média,Resolvido,Operações,Diego Alves,N2,2.0,24,Sim
INC-00395,2024-10-31 14:46,2024-10-31 19:16,Hardware,Média,Resolvido,Logística,Carlos Lima,N1,4.5,24,Sim
INC-01094,2024-10-31 15:20,2024-10-31 16:50,Email,Alta,Resolvido,Logística,Bruno Reis,N2,1.5,8,Sim
INC-01664,2024-11-01 07:11,2024-11-02 07:11,Rede/Internet,Baixa,Resolvido,RH,Fernanda Cruz,N3,24.0,48,Sim
INC-01258,2024-11-01 08:42,2024-11-01 10:00,Acesso/Senha,Crítica,Resolvido,TI,Bruno Reis,N2,1.3,4,Sim
INC-00187,2024-11-01 10:19,2024-11-01 11:01,Software,Crítica,Resolvido,Operações,Diego Alves,N2,0.7,4,Sim
INC-02448,2024-11-01 11:53,2024-11-01 13:29,Rede/Internet,Média,Resolvido,TI,Fernanda Cruz,N3,1.6,24,Sim
INC-02418,2024-11-01 12:59,2024-11-02 05:11,Rede/Internet,Baixa,Resolvido,Logística,Carlos Lima,N1,16.2,48,Sim
INC-02464,2024-11-02 09:47,2024-11-02 12:47,Rede/Internet,Média,Resolvido,Comercial,Fernanda Cruz,N3,3.0,24,Sim
INC-02235,2024-11-03 14:17,2024-11-04 02:59,Software,Média,Resolvido,RH,Ana Souza,N1,12.7,24,Sim
INC-01689,2024-11-04 09:16,2024-11-04 18:16,Acesso/Senha,Baixa,Resolvido,RH,Fernanda Cruz,N3,9.0,48,Sim
INC-01092,2024-11-04 09:36,2024-11-04 09:48,Acesso/Senha,Alta,Resolvido,Diretoria,Diego Alves,N2,0.2,8,Sim
INC-00630,2024-11-04 09:38,2024-11-04 12:20,Email,Alta,Resolvido,TI,Bruno Reis,N2,2.7,8,Sim
INC-01936,2024-11-04 11:09,2024-11-04 20:45,Hardware,Baixa,Resolvido,TI,Fernanda Cruz,N3,9.6,48,Sim
INC-01511,2024-11-04 11:37,2024-11-04 14:49,Hardware,Baixa,Resolvido,Logística,Bruno Reis,N2,3.2,48,Sim
INC-01322,2024-11-04 11:53,2024-11-04 14:23,Software,Baixa,Resolvido,Logística,Diego Alves,N2,2.5,48,Sim
INC-00358,2024-11-04 12:35,2024-11-04 21:53,Impressora,Baixa,Resolvido,Operações,Ana Souza,N1,9.3,48,Sim
INC-01438,2024-11-04 14:49,2024-11-05 19:37,Hardware,Alta,Resolvido,TI,Diego Alves,N2,28.8,8,Não
INC-01518,2024-11-04 15:30,2024-11-04 17:42,Hardware,Alta,Resolvido,Financeiro,Bruno Reis,N2,2.2,8,Sim
INC-02034,2024-11-06 07:50,2024-11-06 10:32,Software,Média,Resolvido,Operações,Diego Alves,N2,2.7,24,Sim
INC-01945,2024-11-06 09:10,2024-11-06 16:40,Software,Baixa,Resolvido,Operações,Diego Alves,N2,7.5,48,Sim
INC-00679,2024-11-06 11:57,2024-11-06 18:27,Rede/Internet,Alta,Resolvido,Diretoria,Carlos Lima,N1,6.5,8,Sim
INC-01158,2024-11-06 12:11,2024-11-07 05:11,Rede/Internet,Baixa,Resolvido,Logística,Fernanda Cruz,N3,17.0,48,Sim
INC-02407,2024-11-06 12:32,2024-11-06 23:14,Hardware,Alta,Resolvido,RH,Fernanda Cruz,N3,10.7,8,Não
INC-01051,2024-11-07 09:19,2024-11-07 09:31,Acesso/Senha,Média,Resolvido,TI,Ana Souza,N1,0.2,24,Sim
INC-01125,2024-11-07 10:18,2024-11-07 10:36,Hardware,Baixa,Resolvido,Logística,Ana Souza,N1,0.3,48,Sim
INC-01588,2024-11-07 12:10,2024-11-07 15:22,Email,Média,Resolvido,RH,Fernanda Cruz,N3,3.2,24,Sim
INC-02008,2024-11-07 13:20,2024-11-07 16:50,Email,Média,Resolvido,Operações,Diego Alves,N2,3.5,24,Sim
INC-01924,2024-11-08 09:43,2024-11-08 13:49,Software,Alta,Resolvido,Logística,Diego Alves,N2,4.1,8,Sim
INC-00494,2024-11-08 11:59,2024-11-08 22:29,Sistema Interno,Baixa,Resolvido,Operações,Bruno Reis,N2,10.5,48,Sim
INC-01364,2024-11-08 15:35,2024-11-08 18:17,Software,Média,Resolvido,TI,Ana Souza,N1,2.7,24,Sim
INC-02315,2024-11-09 07:37,2024-11-09 12:49,Email,Baixa,Resolvido,Operações,Diego Alves,N2,5.2,48,Sim
INC-00715,2024-11-09 10:11,2024-11-09 11:05,Acesso/Senha,Baixa,Resolvido,Diretoria,Diego Alves,N2,0.9,48,Sim
INC-00858,2024-11-10 10:23,2024-11-10 13:17,Email,Alta,Resolvido,TI,Fernanda Cruz,N3,2.9,8,Sim
INC-00077,2024-11-11 07:33,2024-11-12 01:57,Hardware,Média,Resolvido,TI,Diego Alves,N2,18.4,24,Sim
INC-01845,2024-11-11 10:56,2024-11-11 12:02,Acesso/Senha,Baixa,Resolvido,TI,Ana Souza,N1,1.1,48,Sim
INC-01477,2024-11-11 12:40,2024-11-11 13:52,Impressora,Alta,Resolvido,Financeiro,Fernanda Cruz,N3,1.2,8,Sim
INC-02143,2024-11-11 13:03,2024-11-11 16:03,Hardware,Crítica,Resolvido,Operações,Fernanda Cruz,N3,3.0,4,Sim
INC-02333,2024-11-11 14:11,2024-11-11 14:47,Acesso/Senha,Média,Resolvido,TI,Fernanda Cruz,N3,0.6,24,Sim
INC-02087,2024-11-11 14:36,2024-11-11 19:06,Rede/Internet,Média,Resolvido,Financeiro,Diego Alves,N2,4.5,24,Sim
INC-00653,2024-11-12 11:32,2024-11-13 09:14,Hardware,Baixa,Resolvido,Logística,Ana Souza,N1,21.7,48,Sim
INC-00641,2024-11-12 12:01,2024-11-14 08:31,Rede/Internet,Baixa,Resolvido,RH,Fernanda Cruz,N3,44.5,48,Sim
INC-01931,2024-11-13 07:19,2024-11-13 07:49,Software,Baixa,Resolvido,Diretoria,Bruno Reis,N2,0.5,48,Sim
INC-00086,2024-11-14 08:50,2024-11-14 10:08,Acesso/Senha,Baixa,Resolvido,Logística,Carlos Lima,N1,1.3,48,Sim
INC-01951,2024-11-14 11:04,2024-11-14 16:22,Software,Média,Resolvido,Comercial,Ana Souza,N1,5.3,24,Sim
INC-00852,2024-11-15 07:58,2024-11-15 09:10,Impressora,Média,Resolvido,TI,Bruno Reis,N2,1.2,24,Sim
INC-01735,2024-11-15 08:00,2024-11-15 14:36,Software,Baixa,Resolvido,Logística,Bruno Reis,N2,6.6,48,Sim
INC-01897,2024-11-15 14:50,2024-11-16 20:44,Hardware,Baixa,Resolvido,TI,Fernanda Cruz,N3,29.9,48,Sim
INC-01532,2024-11-15 14:50,2024-11-15 15:08,Rede/Internet,Crítica,Resolvido,Diretoria,Ana Souza,N1,0.3,4,Sim
INC-01794,2024-11-15 16:43,2024-11-16 01:55,Rede/Internet,Média,Resolvido,Diretoria,Diego Alves,N2,9.2,24,Sim
INC-00099,2024-11-17 14:38,2024-11-17 19:20,Rede/Internet,Alta,Resolvido,Logística,Ana Souza,N1,4.7,8,Sim
INC-01492,2024-11-18 07:42,2024-11-19 05:36,Hardware,Baixa,Resolvido,TI,Ana Souza,N1,21.9,48,Sim
INC-00349,2024-11-18 09:35,2024-11-18 10:41,Impressora,Crítica,Resolvido,Comercial,Diego Alves,N2,1.1,4,Sim
INC-01634,2024-11-18 09:49,2024-11-18 12:55,Email,Crítica,Resolvido,Logística,Bruno Reis,N2,3.1,4,Sim
INC-02292,2024-11-18 09:51,2024-11-18 21:21,Hardware,Média,Resolvido,TI,Diego Alves,N2,11.5,24,Sim
INC-00221,2024-11-18 11:10,2024-11-18 23:10,Email,Baixa,Resolvido,Logística,Carlos Lima,N1,12.0,48,Sim
INC-00882,2024-11-18 12:41,2024-11-19 05:05,Hardware,Média,Resolvido,Comercial,Diego Alves,N2,16.4,24,Sim
INC-02394,2024-11-18 13:53,2024-11-18 17:59,Impressora,Alta,Resolvido,Comercial,Diego Alves,N2,4.1,8,Sim
INC-00839,2024-11-18 14:11,2024-11-18 21:59,Software,Baixa,Resolvido,Financeiro,Bruno Reis,N2,7.8,48,Sim
INC-00304,2024-11-19 07:11,2024-11-19 08:11,Software,Alta,Resolvido,Financeiro,Carlos Lima,N1,1.0,8,Sim
INC-00313,2024-11-19 10:17,2024-11-19 10:47,Acesso/Senha,Baixa,Resolvido,Operações,Bruno Reis,N2,0.5,48,Sim
INC-00477,2024-11-19 10:54,2024-11-19 16:42,Rede/Internet,Média,Resolvido,Diretoria,Fernanda Cruz,N3,5.8,24,Sim
INC-01769,2024-11-19 13:16,2024-11-19 13:28,Acesso/Senha,Média,Resolvido,Operações,Carlos Lima,N1,0.2,24,Sim
INC-02202,2024-11-20 08:45,2024-11-20 16:45,Software,Baixa,Resolvido,Financeiro,Bruno Reis,N2,8.0,48,Sim
INC-00216,2024-11-20 13:34,2024-11-20 14:04,Rede/Internet,Média,Resolvido,RH,Diego Alves,N2,0.5,24,Sim
INC-00528,2024-11-21 09:03,2024-11-21 14:51,Sistema Interno,Média,Resolvido,Logística,Bruno Reis,N2,5.8,24,Sim
INC-01534,2024-11-21 10:01,2024-11-21 19:43,Impressora,Baixa,Resolvido,Diretoria,Fernanda Cruz,N3,9.7,48,Sim
INC-02036,2024-11-21 10:45,2024-11-21 18:03,Impressora,Baixa,Resolvido,Financeiro,Diego Alves,N2,7.3,48,Sim
INC-01398,2024-11-21 11:27,2024-11-21 15:27,Rede/Internet,Crítica,Resolvido,Logística,Diego Alves,N2,4.0,4,Sim
INC-00556,2024-11-21 14:59,2024-11-21 17:23,Acesso/Senha,Média,Resolvido,Operações,Fernanda Cruz,N3,2.4,24,Sim
INC-01335,2024-11-22 07:34,2024-11-22 11:28,Software,Média,Resolvido,Logística,Bruno Reis,N2,3.9,24,Sim
INC-02223,2024-11-22 07:50,2024-11-22 11:08,Software,Alta,Resolvido,Diretoria,Fernanda Cruz,N3,3.3,8,Sim
INC-01980,2024-11-22 10:06,2024-11-22 16:48,Impressora,Baixa,Resolvido,TI,Carlos Lima,N1,6.7,48,Sim
INC-01478,2024-11-22 11:58,2024-11-22 14:10,Impressora,Baixa,Resolvido,Comercial,Ana Souza,N1,2.2,48,Sim
INC-00867,2024-11-25 09:17,2024-11-26 06:35,Hardware,Baixa,Resolvido,RH,Fernanda Cruz,N3,21.3,48,Sim
INC-00676,2024-11-25 09:51,2024-11-25 18:51,Sistema Interno,Alta,Resolvido,Logística,Ana Souza,N1,9.0,8,Não
INC-02222,2024-11-25 10:01,2024-11-25 13:55,Email,Média,Resolvido,TI,Diego Alves,N2,3.9,24,Sim
INC-02165,2024-11-25 10:52,2024-11-25 13:22,Acesso/Senha,Baixa,Resolvido,Financeiro,Carlos Lima,N1,2.5,48,Sim
INC-01674,2024-11-25 11:29,2024-11-25 11:41,Acesso/Senha,Alta,Resolvido,Logística,Ana Souza,N1,0.2,8,Sim
INC-00227,2024-11-25 11:31,2024-11-25 17:01,Acesso/Senha,Média,Resolvido,RH,Diego Alves,N2,5.5,24,Sim
INC-00393,2024-11-25 12:31,2024-11-25 12:43,Acesso/Senha,Alta,Resolvido,Logística,Carlos Lima,N1,0.2,8,Sim
INC-00564,2024-11-25 13:44,2024-11-25 20:44,Acesso/Senha,Média,Resolvido,Financeiro,Carlos Lima,N1,7.0,24,Sim
INC-00085,2024-11-25 13:46,2024-11-25 13:58,Email,Média,Resolvido,RH,Carlos Lima,N1,0.2,24,Sim
INC-00981,2024-11-25 14:54,2024-11-25 15:54,Email,Média,Resolvido,TI,Fernanda Cruz,N3,1.0,24,Sim
INC-01223,2024-11-25 15:26,2024-11-25 16:50,Acesso/Senha,Média,Resolvido,RH,Fernanda Cruz,N3,1.4,24,Sim
INC-01294,2024-11-25 15:49,2024-11-25 16:43,Acesso/Senha,Alta,Resolvido,Logística,Diego Alves,N2,0.9,8,Sim
INC-01464,2024-11-25 17:47,2024-11-26 05:41,Software,Baixa,Resolvido,Diretoria,Carlos Lima,N1,11.9,48,Sim
INC-02400,2024-11-26 09:30,2024-11-26 09:48,Software,Alta,Resolvido,Operações,Ana Souza,N1,0.3,8,Sim
INC-02071,2024-11-26 10:29,2024-11-28 07:17,Sistema Interno,Média,Resolvido,RH,Fernanda Cruz,N3,44.8,24,Não
INC-00235,2024-11-26 13:20,2024-11-26 16:08,Email,Baixa,Resolvido,RH,Diego Alves,N2,2.8,48,Sim
INC-01885,2024-11-27 07:19,2024-11-27 20:43,Sistema Interno,Alta,Resolvido,RH,Diego Alves,N2,13.4,8,Não
INC-00514,2024-11-27 09:42,2024-11-28 10:42,Sistema Interno,Média,Resolvido,TI,Carlos Lima,N1,25.0,24,Não
INC-01421,2024-11-27 12:04,2024-11-27 17:04,Hardware,Baixa,Resolvido,TI,Fernanda Cruz,N3,5.0,48,Sim
INC-02077,2024-11-27 14:47,2024-11-27 16:23,Impressora,Baixa,Resolvido,RH,Ana Souza,N1,1.6,48,Sim
INC-00001,2024-11-28 07:18,2024-11-28 08:06,Acesso/Senha,Média,Resolvido,TI,Bruno Reis,N2,0.8,24,Sim
INC-01121,2024-11-28 08:14,2024-11-28 09:56,Sistema Interno,Baixa,Resolvido,Operações,Carlos Lima,N1,1.7,48,Sim
INC-01790,2024-11-28 08:51,2024-11-28 09:33,Acesso/Senha,Média,Resolvido,TI,Diego Alves,N2,0.7,24,Sim
INC-00481,2024-11-28 09:58,2024-11-28 20:10,Hardware,Média,Resolvido,TI,Fernanda Cruz,N3,10.2,24,Sim
INC-02414,2024-11-28 10:27,2024-11-28 12:33,Software,Crítica,Resolvido,Operações,Bruno Reis,N2,2.1,4,Sim
INC-00916,2024-11-29 10:48,2024-11-30 12:36,Software,Baixa,Resolvido,Logística,Carlos Lima,N1,25.8,48,Sim
INC-01260,2024-11-29 14:57,2024-11-29 15:33,Acesso/Senha,Baixa,Resolvido,Financeiro,Diego Alves,N2,0.6,48,Sim
INC-01766,2024-12-01 07:26,2024-12-02 07:20,Hardware,Baixa,Resolvido,RH,Fernanda Cruz,N3,23.9,48,Sim
INC-01388,2024-12-01 07:32,2024-12-01 08:08,Hardware,Crítica,Resolvido,Logística,Bruno Reis,N2,0.6,4,Sim
INC-00376,2024-12-02 07:42,2024-12-02 07:54,Acesso/Senha,Alta,Resolvido,TI,Bruno Reis,N2,0.2,8,Sim
INC-02230,2024-12-02 07:55,2024-12-02 13:55,Sistema Interno,Baixa,Resolvido,RH,Bruno Reis,N2,6.0,48,Sim
INC-02048,2024-12-02 08:40,2024-12-02 09:04,Acesso/Senha,Baixa,Resolvido,RH,Ana Souza,N1,0.4,48,Sim
INC-02213,2024-12-02 09:38,2024-12-02 12:14,Software,Baixa,Resolvido,Logística,Diego Alves,N2,2.6,48,Sim
INC-02236,2024-12-02 10:46,2024-12-02 20:16,Rede/Internet,Baixa,Resolvido,Financeiro,Ana Souza,N1,9.5,48,Sim
INC-00442,2024-12-02 10:48,2024-12-02 12:00,Hardware,Média,Resolvido,Operações,Ana Souza,N1,1.2,24,Sim
INC-00667,2024-12-02 11:33,2024-12-02 13:27,Acesso/Senha,Baixa,Resolvido,Logística,Ana Souza,N1,1.9,48,Sim
INC-01840,2024-12-02 11:46,2024-12-02 13:28,Acesso/Senha,Média,Resolvido,Operações,Fernanda Cruz,N3,1.7,24,Sim
INC-00122,2024-12-02 13:11,2024-12-02 19:23,Email,Baixa,Resolvido,RH,Ana Souza,N1,6.2,48,Sim
INC-00910,2024-12-02 14:03,2024-12-02 16:45,Impressora,Média,Resolvido,Comercial,Diego Alves,N2,2.7,24,Sim
INC-00646,2024-12-02 15:12,2024-12-02 15:30,Hardware,Média,Resolvido,Financeiro,Carlos Lima,N1,0.3,24,Sim
INC-01528,2024-12-03 07:11,2024-12-03 15:53,Rede/Internet,Alta,Resolvido,TI,Ana Souza,N1,8.7,8,Não
INC-02259,2024-12-03 07:27,2024-12-03 12:39,Acesso/Senha,Baixa,Resolvido,Comercial,Fernanda Cruz,N3,5.2,48,Sim
INC-00644,2024-12-04 07:16,2024-12-04 12:22,Hardware,Crítica,Resolvido,Operações,Bruno Reis,N2,5.1,4,Não
INC-01930,2024-12-04 07:49,2024-12-04 13:49,Impressora,Baixa,Resolvido,TI,Ana Souza,N1,6.0,48,Sim
INC-02170,2024-12-04 08:18,2024-12-04 17:36,Hardware,Baixa,Resolvido,Financeiro,Carlos Lima,N1,9.3,48,Sim
INC-02163,2024-12-04 11:35,2024-12-04 12:17,Software,Baixa,Resolvido,Financeiro,Carlos Lima,N1,0.7,48,Sim
INC-00855,2024-12-05 16:11,2024-12-05 16:41,Acesso/Senha,Média,Resolvido,Operações,Ana Souza,N1,0.5,24,Sim
INC-01525,2024-12-06 10:36,2024-12-06 11:36,Email,Baixa,Resolvido,Logística,Carlos Lima,N1,1.0,48,Sim
INC-00428,2024-12-06 12:47,2024-12-06 12:59,Acesso/Senha,Baixa,Resolvido,Diretoria,Carlos Lima,N1,0.2,48,Sim
INC-00847,2024-12-07 07:30,2024-12-07 09:42,Impressora,Alta,Resolvido,TI,Diego Alves,N2,2.2,8,Sim
INC-02495,2024-12-07 07:34,2024-12-07 07:46,Acesso/Senha,Alta,Resolvido,Diretoria,Diego Alves,N2,0.2,8,Sim
INC-01816,2024-12-08 11:28,2024-12-08 13:40,Hardware,Baixa,Resolvido,RH,Bruno Reis,N2,2.2,48,Sim
INC-02284,2024-12-09 07:43,2024-12-09 10:13,Impressora,Média,Resolvido,TI,Fernanda Cruz,N3,2.5,24,Sim
INC-00835,2024-12-09 08:55,2024-12-09 10:37,Acesso/Senha,Baixa,Resolvido,Comercial,Diego Alves,N2,1.7,48,Sim
INC-02290,2024-12-09 09:56,2024-12-09 12:20,Hardware,Baixa,Resolvido,Logística,Bruno Reis,N2,2.4,48,Sim
INC-00869,2024-12-09 10:20,2024-12-10 00:08,Software,Baixa,Resolvido,RH,Ana Souza,N1,13.8,48,Sim
INC-00703,2024-12-09 10:20,2024-12-10 05:02,Impressora,Baixa,Resolvido,Operações,Diego Alves,N2,18.7,48,Sim
INC-00581,2024-12-09 11:18,2024-12-09 12:48,Impressora,Baixa,Resolvido,Comercial,Diego Alves,N2,1.5,48,Sim
INC-00401,2024-12-10 09:05,2024-12-10 15:17,Hardware,Média,Resolvido,Financeiro,Bruno Reis,N2,6.2,24,Sim
INC-00007,2024-12-10 12:05,2024-12-10 12:17,Acesso/Senha,Média,Resolvido,RH,Carlos Lima,N1,0.2,24,Sim
INC-01952,2024-12-10 13:44,2024-12-10 16:20,Acesso/Senha,Média,Resolvido,RH,Diego Alves,N2,2.6,24,Sim
INC-01311,2024-12-11 08:23,2024-12-12 04:35,Software,Baixa,Resolvido,TI,Bruno Reis,N2,20.2,48,Sim
INC-00527,2024-12-11 11:05,2024-12-11 12:17,Email,Baixa,Resolvido,Operações,Carlos Lima,N1,1.2,48,Sim
INC-00237,2024-12-11 11:40,2024-12-11 14:04,Rede/Internet,Média,Resolvido,RH,Carlos Lima,N1,2.4,24,Sim
INC-00374,2024-12-11 13:41,2024-12-11 15:23,Software,Média,Resolvido,Comercial,Ana Souza,N1,1.7,24,Sim
INC-01253,2024-12-12 07:11,2024-12-15 08:53,Sistema Interno,Baixa,Resolvido,RH,Carlos Lima,N1,73.7,48,Não
INC-01374,2024-12-12 10:55,2024-12-12 11:07,Impressora,Baixa,Resolvido,Logística,Diego Alves,N2,0.2,48,Sim
INC-00608,2024-12-12 11:16,2024-12-12 11:40,Acesso/Senha,Crítica,Resolvido,RH,Diego Alves,N2,0.4,4,Sim
INC-01412,2024-12-12 14:26,2024-12-12 22:50,Rede/Internet,Baixa,Resolvido,Comercial,Fernanda Cruz,N3,8.4,48,Sim
INC-02057,2024-12-13 07:02,2024-12-13 10:38,Software,Média,Resolvido,Operações,Diego Alves,N2,3.6,24,Sim
INC-00521,2024-12-13 08:21,2024-12-13 08:45,Email,Média,Resolvido,Diretoria,Bruno Reis,N2,0.4,24,Sim
INC-01839,2024-12-13 09:13,2024-12-13 14:25,Acesso/Senha,Baixa,Resolvido,Logística,Carlos Lima,N1,5.2,48,Sim
INC-00593,2024-12-13 09:22,2024-12-13 12:04,Software,Média,Resolvido,RH,Bruno Reis,N2,2.7,24,Sim
INC-00655,2024-12-13 10:15,2024-12-13 17:45,Hardware,Média,Resolvido,Logística,Diego Alves,N2,7.5,24,Sim
INC-00356,2024-12-13 13:39,2024-12-13 14:09,Software,Média,Resolvido,Comercial,Bruno Reis,N2,0.5,24,Sim
INC-01069,2024-12-14 07:41,2024-12-14 08:05,Hardware,Média,Resolvido,Diretoria,Ana Souza,N1,0.4,24,Sim
INC-02425,2024-12-14 11:02,2024-12-14 11:26,Acesso/Senha,Alta,Resolvido,TI,Fernanda Cruz,N3,0.4,8,Sim
INC-02322,2024-12-15 10:26,2024-12-15 10:44,Sistema Interno,Média,Resolvido,Diretoria,Ana Souza,N1,0.3,24,Sim
INC-01139,2024-12-15 10:49,2024-12-15 11:37,Software,Baixa,Resolvido,Logística,Fernanda Cruz,N3,0.8,48,Sim
INC-01939,2024-12-15 19:30,2024-12-16 01:00,Acesso/Senha,Baixa,Resolvido,RH,Ana Souza,N1,5.5,48,Sim
INC-00399,2024-12-16 07:55,2024-12-16 08:07,Email,Média,Resolvido,RH,Bruno Reis,N2,0.2,24,Sim
INC-00536,2024-12-16 08:10,2024-12-16 11:58,Hardware,Média,Resolvido,Diretoria,Carlos Lima,N1,3.8,24,Sim
INC-00043,2024-12-16 08:25,2024-12-16 21:19,Sistema Interno,Alta,Resolvido,Financeiro,Fernanda Cruz,N3,12.9,8,Não
INC-01898,2024-12-16 09:39,2024-12-16 13:33,Sistema Interno,Baixa,Resolvido,Diretoria,Ana Souza,N1,3.9,48,Sim
INC-01166,2024-12-16 10:29,2024-12-16 11:17,Email,Crítica,Resolvido,Financeiro,Diego Alves,N2,0.8,4,Sim
INC-00518,2024-12-16 15:44,2024-12-17 23:50,Rede/Internet,Baixa,Resolvido,TI,Fernanda Cruz,N3,32.1,48,Sim
INC-00116,2024-12-17 07:37,2024-12-17 12:13,Rede/Internet,Baixa,Resolvido,RH,Bruno Reis,N2,4.6,48,Sim
INC-01690,2024-12-17 09:39,2024-12-17 15:09,Email,Baixa,Resolvido,Comercial,Fernanda Cruz,N3,5.5,48,Sim
INC-01785,2024-12-17 13:45,2024-12-17 14:09,Acesso/Senha,Alta,Resolvido,Operações,Ana Souza,N1,0.4,8,Sim
INC-00457,2024-12-18 09:28,2024-12-18 19:16,Rede/Internet,Média,Resolvido,Financeiro,Bruno Reis,N2,9.8,24,Sim
INC-01128,2024-12-18 10:46,2024-12-19 10:28,Hardware,Média,Resolvido,Operações,Carlos Lima,N1,23.7,24,Sim
INC-01348,2024-12-18 11:59,2024-12-19 13:11,Rede/Internet,Baixa,Resolvido,Logística,Bruno Reis,N2,25.2,48,Sim
INC-00551,2024-12-18 13:14,2024-12-18 15:56,Impressora,Baixa,Resolvido,Comercial,Diego Alves,N2,2.7,48,Sim
INC-00818,2024-12-18 13:23,2024-12-18 19:05,Rede/Internet,Alta,Resolvido,Comercial,Diego Alves,N2,5.7,8,Sim
INC-01585,2024-12-19 10:49,2024-12-19 11:01,Software,Média,Resolvido,Logística,Ana Souza,N1,0.2,24,Sim
INC-02477,2024-12-19 12:03,2024-12-19 14:27,Email,Baixa,Resolvido,Logística,Carlos Lima,N1,2.4,48,Sim
INC-01460,2024-12-19 15:15,2024-12-20 02:15,Rede/Internet,Média,Resolvido,Comercial,Diego Alves,N2,11.0,24,Sim
INC-00980,2024-12-20 10:53,2024-12-20 11:47,Acesso/Senha,Média,Resolvido,Comercial,Ana Souza,N1,0.9,24,Sim
INC-00063,2024-12-20 15:07,2024-12-20 17:49,Acesso/Senha,Média,Resolvido,Operações,Fernanda Cruz,N3,2.7,24,Sim
INC-00480,2024-12-21 12:31,2024-12-21 14:13,Impressora,Crítica,Resolvido,TI,Ana Souza,N1,1.7,4,Sim
INC-00411,2024-12-23 07:35,2024-12-23 16:41,Impressora,Baixa,Resolvido,TI,Carlos Lima,N1,9.1,48,Sim
INC-01066,2024-12-23 07:38,2024-12-23 14:08,Hardware,Alta,Resolvido,Logística,Carlos Lima,N1,6.5,8,Sim
INC-01285,2024-12-23 09:49,2024-12-23 12:31,Rede/Internet,Baixa,Resolvido,Financeiro,Ana Souza,N1,2.7,48,Sim
INC-00599,2024-12-23 10:44,2024-12-23 18:14,Software,Baixa,Resolvido,Diretoria,Carlos Lima,N1,7.5,48,Sim
INC-01328,2024-12-23 12:19,2024-12-23 14:19,Acesso/Senha,Baixa,Resolvido,RH,Bruno Reis,N2,2.0,48,Sim
INC-01940,2024-12-23 12:24,2024-12-23 12:36,Rede/Internet,Baixa,Resolvido,Operações,Bruno Reis,N2,0.2,48,Sim
INC-01997,2024-12-23 12:54,2024-12-23 13:54,Rede/Internet,Baixa,Resolvido,Comercial,Fernanda Cruz,N3,1.0,48,Sim
INC-00262,2024-12-23 13:10,2024-12-23 13:52,Rede/Internet,Crítica,Resolvido,Diretoria,Diego Alves,N2,0.7,4,Sim
INC-00590,2024-12-23 13:22,2024-12-23 18:04,Acesso/Senha,Baixa,Resolvido,Operações,Diego Alves,N2,4.7,48,Sim
INC-00872,2024-12-23 17:41,2024-12-23 18:47,Rede/Internet,Crítica,Resolvido,Operações,Bruno Reis,N2,1.1,4,Sim
INC-01338,2024-12-24 09:09,2024-12-25 02:21,Hardware,Baixa,Resolvido,Comercial,Diego Alves,N2,17.2,48,Sim
INC-01694,2024-12-24 09:27,2024-12-24 12:15,Sistema Interno,Baixa,Resolvido,Financeiro,Carlos Lima,N1,2.8,48,Sim
INC-02118,2024-12-24 10:20,2024-12-24 11:38,Impressora,Crítica,Resolvido,TI,Carlos Lima,N1,1.3,4,Sim
INC-00607,2024-12-24 12:13,2024-12-24 13:25,Hardware,Alta,Resolvido,Operações,Carlos Lima,N1,1.2,8,Sim
INC-01870,2024-12-24 13:58,2024-12-24 18:22,Software,Média,Resolvido,Comercial,Ana Souza,N1,4.4,24,Sim
INC-02154,2024-12-24 14:21,2024-12-24 16:15,Software,Média,Resolvido,Diretoria,Bruno Reis,N2,1.9,24,Sim
INC-01914,2024-12-24 15:45,2024-12-24 21:33,Rede/Internet,Alta,Resolvido,TI,Diego Alves,N2,5.8,8,Sim
INC-00257,2024-12-25 07:56,2024-12-26 08:50,Hardware,Média,Resolvido,TI,Fernanda Cruz,N3,24.9,24,Não
INC-02326,2024-12-25 11:32,2024-12-25 13:38,Acesso/Senha,Média,Resolvido,TI,Diego Alves,N2,2.1,24,Sim
INC-01135,2024-12-25 12:33,2024-12-26 02:09,Software,Média,Resolvido,RH,Carlos Lima,N1,13.6,24,Sim
INC-00111,2024-12-26 07:26,2024-12-26 12:32,Software,Baixa,Resolvido,TI,Bruno Reis,N2,5.1,48,Sim
INC-01503,2024-12-26 12:38,2024-12-26 18:56,Software,Média,Resolvido,Operações,Diego Alves,N2,6.3,24,Sim
INC-01681,2024-12-26 17:02,2024-12-26 18:20,Acesso/Senha,Média,Resolvido,RH,Fernanda Cruz,N3,1.3,24,Sim
INC-00592,2024-12-27 07:15,2024-12-27 13:57,Rede/Internet,Média,Resolvido,Comercial,Diego Alves,N2,6.7,24,Sim
INC-01035,2024-12-27 09:23,2024-12-27 21:29,Impressora,Baixa,Resolvido,RH,Bruno Reis,N2,12.1,48,Sim
INC-00624,2024-12-27 11:20,2024-12-28 03:32,Hardware,Alta,Resolvido,RH,Carlos Lima,N1,16.2,8,Não
INC-01198,2024-12-27 11:58,2024-12-27 12:52,Rede/Internet,Crítica,Resolvido,Diretoria,Diego Alves,N2,0.9,4,Sim
INC-00380,2024-12-27 12:00,2024-12-27 19:00,Acesso/Senha,Baixa,Resolvido,Logística,Diego Alves,N2,7.0,48,Sim
INC-01062,2024-12-27 12:05,2024-12-27 14:29,Acesso/Senha,Alta,Resolvido,TI,Diego Alves,N2,2.4,8,Sim
INC-01807,2024-12-27 12:22,2024-12-27 14:28,Acesso/Senha,Média,Resolvido,TI,Carlos Lima,N1,2.1,24,Sim
INC-01976,2024-12-27 14:01,2024-12-27 14:13,Hardware,Média,Resolvido,TI,Bruno Reis,N2,0.2,24,Sim
INC-01564,2024-12-27 16:28,2024-12-28 13:40,Software,Baixa,Resolvido,RH,Carlos Lima,N1,21.2,48,Sim
INC-01267,2024-12-28 14:11,2024-12-28 16:17,Acesso/Senha,Baixa,Resolvido,Logística,Carlos Lima,N1,2.1,48,Sim
INC-00597,2024-12-30 07:49,2024-12-30 09:49,Hardware,Alta,Resolvido,Comercial,Fernanda Cruz,N3,2.0,8,Sim
INC-00143,2024-12-30 08:02,2024-12-31 00:08,Software,Baixa,Resolvido,TI,Carlos Lima,N1,16.1,48,Sim
INC-00866,2024-12-30 08:19,2024-12-30 16:49,Software,Baixa,Resolvido,Diretoria,Diego Alves,N2,8.5,48,Sim
INC-00141,2024-12-30 09:31,2024-12-30 10:01,Email,Crítica,Resolvido,Diretoria,Ana Souza,N1,0.5,4,Sim
INC-00383,2024-12-30 09:51,2024-12-30 10:51,Acesso/Senha,Baixa,Resolvido,TI,Diego Alves,N2,1.0,48,Sim
INC-00722,2024-12-30 13:36,2024-12-30 14:30,Acesso/Senha,Baixa,Resolvido,Financeiro,Diego Alves,N2,0.9,48,Sim
INC-01612,2024-12-30 14:03,2024-12-30 15:33,Software,Alta,Resolvido,Financeiro,Bruno Reis,N2,1.5,8,Sim
INC-01187,2024-12-30 19:27,2025-01-01 02:15,Sistema Interno,Média,Resolvido,RH,Bruno Reis,N2,30.8,24,Não
INC-01623,2024-12-31 07:56,2024-12-31 21:56,Rede/Internet,Baixa,Resolvido,Diretoria,Ana Souza,N1,14.0,48,Sim
INC-01497,2024-12-31 11:04,2024-12-31 17:46,Software,Alta,Resolvido,TI,Carlos Lima,N1,6.7,8,Sim
INC-00917,2024-12-31 12:44,2024-12-31 14:32,Rede/Internet,Média,Resolvido,TI,Ana Souza,N1,1.8,24,Sim
INC-02291,2024-12-31 14:09,2024-12-31 19:27,Hardware,Alta,Resolvido,Operações,Bruno Reis,N2,5.3,8,Sim
INC-00389,2025-01-01 07:24,2025-01-01 07:48,Acesso/Senha,Baixa,Resolvido,Logística,Bruno Reis,N2,0.4,48,Sim
INC-02384,2025-01-01 08:20,2025-01-01 15:38,Rede/Internet,Alta,Resolvido,Operações,Carlos Lima,N1,7.3,8,Sim
INC-01571,2025-01-01 08:48,2025-01-01 10:12,Acesso/Senha,Baixa,Resolvido,Comercial,Diego Alves,N2,1.4,48,Sim
INC-00315,2025-01-01 10:44,2025-01-01 22:38,Hardware,Alta,Resolvido,Logística,Ana Souza,N1,11.9,8,Não
INC-00108,2025-01-02 12:28,2025-01-02 15:22,Acesso/Senha,Alta,Resolvido,TI,Ana Souza,N1,2.9,8,Sim
INC-01591,2025-01-02 13:32,2025-01-05 06:14,Sistema Interno,Baixa,Resolvido,Diretoria,Bruno Reis,N2,64.7,48,Não
INC-01014,2025-01-03 09:12,2025-01-03 09:36,Acesso/Senha,Média,Resolvido,RH,Fernanda Cruz,N3,0.4,24,Sim
INC-00685,2025-01-03 09:24,2025-01-03 10:24,Acesso/Senha,Baixa,Resolvido,Operações,Ana Souza,N1,1.0,48,Sim
INC-00674,2025-01-03 11:22,2025-01-03 12:58,Acesso/Senha,Baixa,Resolvido,RH,Fernanda Cruz,N3,1.6,48,Sim
INC-00386,2025-01-03 13:04,2025-01-03 22:10,Hardware,Média,Resolvido,Financeiro,Fernanda Cruz,N3,9.1,24,Sim
INC-00904,2025-01-04 11:31,2025-01-04 15:37,Hardware,Alta,Resolvido,TI,Carlos Lima,N1,4.1,8,Sim
INC-00268,2025-01-05 10:05,2025-01-05 10:17,Acesso/Senha,Média,Resolvido,RH,Diego Alves,N2,0.2,24,Sim
INC-01576,2025-01-05 11:04,2025-01-05 22:04,Email,Baixa,Resolvido,RH,Carlos Lima,N1,11.0,48,Sim
INC-00274,2025-01-06 07:21,2025-01-06 09:15,Email,Média,Resolvido,Diretoria,Bruno Reis,N2,1.9,24,Sim
INC-01613,2025-01-06 10:02,2025-01-06 22:20,Sistema Interno,Média,Resolvido,Comercial,Bruno Reis,N2,12.3,24,Sim
INC-01802,2025-01-06 11:39,2025-01-06 12:15,Acesso/Senha,Média,Resolvido,Logística,Ana Souza,N1,0.6,24,Sim
INC-01713,2025-01-06 16:14,2025-01-06 20:44,Email,Baixa,Resolvido,RH,Fernanda Cruz,N3,4.5,48,Sim
INC-00377,2025-01-06 17:09,2025-01-08 01:27,Impressora,Baixa,Resolvido,Comercial,Carlos Lima,N1,32.3,48,Sim
INC-01382,2025-01-07 08:40,2025-01-07 08:58,Impressora,Média,Resolvido,RH,Ana Souza,N1,0.3,24,Sim
INC-01637,2025-01-07 10:14,2025-01-07 10:38,Email,Alta,Resolvido,Operações,Diego Alves,N2,0.4,8,Sim
INC-02463,2025-01-07 13:04,2025-01-07 13:16,Acesso/Senha,Média,Resolvido,Comercial,Ana Souza,N1,0.2,24,Sim
INC-02383,2025-01-08 09:55,2025-01-08 15:49,Acesso/Senha,Baixa,Resolvido,Operações,Fernanda Cruz,N3,5.9,48,Sim
INC-01373,2025-01-08 11:57,2025-01-09 05:15,Rede/Internet,Alta,Resolvido,Logística,Bruno Reis,N2,17.3,8,Não
INC-00897,2025-01-08 12:09,2025-01-08 12:45,Email,Média,Resolvido,Comercial,Ana Souza,N1,0.6,24,Sim
INC-01711,2025-01-08 12:22,2025-01-08 13:34,Acesso/Senha,Baixa,Resolvido,Financeiro,Ana Souza,N1,1.2,48,Sim
INC-00404,2025-01-08 12:56,2025-01-08 20:32,Acesso/Senha,Média,Resolvido,TI,Carlos Lima,N1,7.6,24,Sim
INC-02467,2025-01-08 15:16,2025-01-08 20:34,Software,Baixa,Resolvido,Financeiro,Carlos Lima,N1,5.3,48,Sim
INC-02120,2025-01-08 16:41,2025-01-08 18:29,Acesso/Senha,Média,Resolvido,Logística,Diego Alves,N2,1.8,24,Sim
INC-01728,2025-01-09 11:37,2025-01-09 12:13,Acesso/Senha,Baixa,Resolvido,Logística,Diego Alves,N2,0.6,48,Sim
INC-00301,2025-01-09 12:25,2025-01-09 20:43,Acesso/Senha,Baixa,Resolvido,Financeiro,Diego Alves,N2,8.3,48,Sim
INC-01854,2025-01-10 07:01,2025-01-10 09:43,Rede/Internet,Média,Resolvido,Comercial,Carlos Lima,N1,2.7,24,Sim
INC-01073,2025-01-10 12:17,2025-01-10 15:17,Acesso/Senha,Baixa,Resolvido,TI,Ana Souza,N1,3.0,48,Sim
INC-00731,2025-01-10 12:41,2025-01-10 13:53,Hardware,Crítica,Resolvido,RH,Bruno Reis,N2,1.2,4,Sim
INC-01751,2025-01-11 07:10,2025-01-11 13:40,Software,Média,Resolvido,TI,Bruno Reis,N2,6.5,24,Sim
INC-00434,2025-01-12 13:16,2025-01-12 19:34,Acesso/Senha,Baixa,Resolvido,Financeiro,Carlos Lima,N1,6.3,48,Sim
INC-02385,2025-01-13 07:07,2025-01-13 08:43,Acesso/Senha,Baixa,Resolvido,TI,Diego Alves,N2,1.6,48,Sim
INC-00100,2025-01-13 09:16,2025-01-13 14:46,Impressora,Baixa,Resolvido,Logística,Bruno Reis,N2,5.5,48,Sim
INC-01273,2025-01-13 10:02,2025-01-13 10:38,Impressora,Média,Resolvido,Logística,Ana Souza,N1,0.6,24,Sim
INC-01567,2025-01-13 11:44,2025-01-13 11:56,Acesso/Senha,Média,Resolvido,Financeiro,Bruno Reis,N2,0.2,24,Sim
INC-02241,2025-01-13 11:47,2025-01-13 17:29,Software,Alta,Resolvido,Operações,Ana Souza,N1,5.7,8,Sim
INC-02239,2025-01-13 12:45,2025-01-13 12:57,Acesso/Senha,Baixa,Resolvido,TI,Ana Souza,N1,0.2,48,Sim
INC-00775,2025-01-13 16:14,2025-01-13 18:02,Email,Média,Resolvido,RH,Bruno Reis,N2,1.8,24,Sim
INC-00774,2025-01-15 16:18,2025-01-15 18:36,Hardware,Crítica,Resolvido,Diretoria,Diego Alves,N2,2.3,4,Sim
INC-01454,2025-01-16 07:14,2025-01-16 09:08,Software,Média,Resolvido,Comercial,Fernanda Cruz,N3,1.9,24,Sim
INC-02155,2025-01-16 07:14,2025-01-16 09:56,Email,Média,Resolvido,Comercial,Fernanda Cruz,N3,2.7,24,Sim
INC-02275,2025-01-16 08:08,2025-01-16 14:20,Software,Média,Resolvido,RH,Diego Alves,N2,6.2,24,Sim
INC-00955,2025-01-16 08:53,2025-01-17 07:47,Hardware,Baixa,Resolvido,Logística,Fernanda Cruz,N3,22.9,48,Sim
INC-00856,2025-01-16 09:51,2025-01-16 14:03,Hardware,Baixa,Resolvido,Diretoria,Ana Souza,N1,4.2,48,Sim
INC-00448,2025-01-16 10:22,2025-01-16 11:52,Rede/Internet,Alta,Resolvido,Logística,Ana Souza,N1,1.5,8,Sim
INC-00997,2025-01-16 11:07,2025-01-16 11:25,Acesso/Senha,Crítica,Resolvido,RH,Bruno Reis,N2,0.3,4,Sim
INC-00578,2025-01-17 14:20,2025-01-17 18:02,Hardware,Crítica,Resolvido,Operações,Diego Alves,N2,3.7,4,Sim
INC-00803,2025-01-18 07:40,2025-01-18 18:40,Software,Baixa,Resolvido,Operações,Ana Souza,N1,11.0,48,Sim
INC-01746,2025-01-18 12:44,2025-01-18 18:20,Sistema Interno,Alta,Resolvido,Financeiro,Bruno Reis,N2,5.6,8,Sim
INC-01442,2025-01-19 12:51,2025-01-19 16:21,Hardware,Média,Resolvido,Diretoria,Ana Souza,N1,3.5,24,Sim
INC-00008,2025-01-20 08:35,2025-01-20 08:53,Software,Alta,Resolvido,Financeiro,Diego Alves,N2,0.3,8,Sim
INC-01566,2025-01-20 09:46,2025-01-20 19:34,Software,Baixa,Resolvido,Logística,Ana Souza,N1,9.8,48,Sim
INC-00305,2025-01-20 09:47,2025-01-20 21:59,Hardware,Baixa,Resolvido,TI,Ana Souza,N1,12.2,48,Sim
INC-01052,2025-01-20 10:34,2025-01-20 12:40,Software,Média,Resolvido,Operações,Carlos Lima,N1,2.1,24,Sim
INC-02403,2025-01-20 10:43,2025-01-21 15:31,Email,Baixa,Resolvido,Comercial,Diego Alves,N2,28.8,48,Sim
INC-01982,2025-01-20 11:17,2025-01-20 12:29,Acesso/Senha,Média,Resolvido,Diretoria,Fernanda Cruz,N3,1.2,24,Sim
INC-00978,2025-01-20 11:32,2025-01-20 21:20,Hardware,Média,Resolvido,Diretoria,Diego Alves,N2,9.8,24,Sim
INC-00281,2025-01-20 12:44,2025-01-21 17:26,Impressora,Baixa,Resolvido,Operações,Ana Souza,N1,28.7,48,Sim
INC-02421,2025-01-20 16:39,2025-01-20 17:45,Email,Baixa,Resolvido,Diretoria,Bruno Reis,N2,1.1,48,Sim
INC-01212,2025-01-20 18:24,2025-01-21 16:30,Software,Baixa,Resolvido,RH,Bruno Reis,N2,22.1,48,Sim
INC-01303,2025-01-21 07:20,2025-01-21 09:20,Acesso/Senha,Média,Resolvido,Comercial,Bruno Reis,N2,2.0,24,Sim
INC-00829,2025-01-21 10:06,2025-01-21 13:54,Rede/Internet,Crítica,Resolvido,Operações,Bruno Reis,N2,3.8,4,Sim
INC-01958,2025-01-22 10:03,2025-01-22 11:33,Hardware,Média,Resolvido,Logística,Carlos Lima,N1,1.5,24,Sim
INC-00462,2025-01-22 12:45,2025-01-22 16:57,Acesso/Senha,Baixa,Resolvido,Comercial,Bruno Reis,N2,4.2,48,Sim
INC-00463,2025-01-22 16:37,2025-01-22 19:43,Software,Média,Resolvido,RH,Fernanda Cruz,N3,3.1,24,Sim
INC-00192,2025-01-23 07:46,2025-01-23 14:10,Software,Baixa,Resolvido,Operações,Fernanda Cruz,N3,6.4,48,Sim
INC-01896,2025-01-23 09:38,2025-01-23 10:26,Email,Alta,Resolvido,Logística,Bruno Reis,N2,0.8,8,Sim
INC-00138,2025-01-23 10:58,2025-01-23 14:46,Email,Baixa,Resolvido,Operações,Bruno Reis,N2,3.8,48,Sim
INC-00584,2025-01-23 12:48,2025-01-23 13:12,Acesso/Senha,Baixa,Resolvido,TI,Carlos Lima,N1,0.4,48,Sim
INC-01259,2025-01-23 13:01,2025-01-23 14:01,Acesso/Senha,Média,Resolvido,Logística,Fernanda Cruz,N3,1.0,24,Sim
INC-01352,2025-01-24 09:25,2025-01-24 09:55,Email,Baixa,Resolvido,TI,Fernanda Cruz,N3,0.5,48,Sim
INC-02040,2025-01-24 11:10,2025-01-24 13:34,Hardware,Alta,Resolvido,TI,Carlos Lima,N1,2.4,8,Sim
INC-00004,2025-01-24 13:46,2025-01-26 00:04,Software,Baixa,Resolvido,Comercial,Ana Souza,N1,34.3,48,Sim
INC-02063,2025-01-26 10:07,2025-01-26 10:19,Acesso/Senha,Crítica,Resolvido,Operações,Diego Alves,N2,0.2,4,Sim
INC-01750,2025-01-27 07:03,2025-01-27 08:39,Acesso/Senha,Baixa,Resolvido,Logística,Ana Souza,N1,1.6,48,Sim
INC-02256,2025-01-27 08:28,2025-01-27 08:52,Hardware,Baixa,Resolvido,Logística,Ana Souza,N1,0.4,48,Sim
INC-01669,2025-01-27 10:09,2025-01-29 03:45,Hardware,Baixa,Resolvido,Comercial,Bruno Reis,N2,41.6,48,Sim
INC-00802,2025-01-27 10:15,2025-01-27 11:51,Rede/Internet,Alta,Resolvido,Comercial,Diego Alves,N2,1.6,8,Sim
INC-00977,2025-01-27 10:28,2025-01-27 17:16,Acesso/Senha,Baixa,Resolvido,Operações,Carlos Lima,N1,6.8,48,Sim
INC-00933,2025-01-27 11:10,2025-01-27 11:58,Software,Baixa,Resolvido,Financeiro,Diego Alves,N2,0.8,48,Sim
INC-01290,2025-01-27 11:35,2025-01-28 03:29,Rede/Internet,Média,Resolvido,Diretoria,Bruno Reis,N2,15.9,24,Sim
INC-01390,2025-01-27 12:35,2025-01-27 23:53,Impressora,Alta,Resolvido,TI,Diego Alves,N2,11.3,8,Não
INC-01234,2025-01-27 12:47,2025-01-28 19:41,Hardware,Baixa,Resolvido,Logística,Ana Souza,N1,30.9,48,Sim
INC-00604,2025-01-27 13:17,2025-01-27 13:29,Impressora,Alta,Resolvido,RH,Fernanda Cruz,N3,0.2,8,Sim
INC-01250,2025-01-27 13:27,2025-01-27 17:09,Acesso/Senha,Baixa,Resolvido,TI,Carlos Lima,N1,3.7,48,Sim
INC-01133,2025-01-27 14:12,2025-01-27 23:54,Hardware,Média,Resolvido,RH,Ana Souza,N1,9.7,24,Sim
INC-02456,2025-01-27 14:57,2025-01-27 23:45,Acesso/Senha,Baixa,Resolvido,Comercial,Ana Souza,N1,8.8,48,Sim
INC-01451,2025-01-27 15:31,2025-01-27 15:55,Acesso/Senha,Baixa,Resolvido,Diretoria,Ana Souza,N1,0.4,48,Sim
INC-01224,2025-01-28 07:53,2025-01-28 08:35,Impressora,Alta,Resolvido,Comercial,Ana Souza,N1,0.7,8,Sim
INC-00329,2025-01-28 08:04,2025-01-28 09:40,Software,Média,Resolvido,Diretoria,Bruno Reis,N2,1.6,24,Sim
INC-01517,2025-01-29 11:36,2025-01-29 11:48,Email,Alta,Resolvido,Financeiro,Fernanda Cruz,N3,0.2,8,Sim
INC-00846,2025-01-30 07:34,2025-01-30 08:52,Hardware,Média,Resolvido,RH,Fernanda Cruz,N3,1.3,24,Sim
INC-01435,2025-01-30 10:19,2025-01-30 11:01,Acesso/Senha,Alta,Resolvido,Comercial,Bruno Reis,N2,0.7,8,Sim
INC-00811,2025-01-31 08:28,2025-01-31 08:40,Acesso/Senha,Alta,Resolvido,Comercial,Carlos Lima,N1,0.2,8,Sim
INC-01955,2025-01-31 13:27,2025-01-31 14:27,Email,Baixa,Resolvido,TI,Ana Souza,N1,1.0,48,Sim
INC-00562,2025-01-31 14:24,2025-01-31 16:24,Rede/Internet,Alta,Resolvido,Diretoria,Bruno Reis,N2,2.0,8,Sim
INC-00780,2025-02-01 10:33,2025-02-01 16:21,Rede/Internet,Média,Resolvido,Comercial,Carlos Lima,N1,5.8,24,Sim
INC-02460,2025-02-02 09:51,2025-02-02 10:03,Rede/Internet,Crítica,Resolvido,Logística,Bruno Reis,N2,0.2,4,Sim
INC-01333,2025-02-02 15:13,2025-02-02 21:01,Impressora,Alta,Resolvido,Operações,Diego Alves,N2,5.8,8,Sim
INC-00684,2025-02-03 07:26,2025-02-03 20:14,Email,Baixa,Resolvido,Logística,Fernanda Cruz,N3,12.8,48,Sim
INC-02358,2025-02-03 08:40,2025-02-03 10:34,Hardware,Média,Resolvido,Comercial,Bruno Reis,N2,1.9,24,Sim
INC-01860,2025-02-03 09:15,2025-02-03 10:57,Rede/Internet,Baixa,Resolvido,Logística,Ana Souza,N1,1.7,48,Sim
INC-01207,2025-02-03 10:05,2025-02-03 16:29,Acesso/Senha,Média,Resolvido,TI,Bruno Reis,N2,6.4,24,Sim
INC-02115,2025-02-03 10:24,2025-02-03 11:48,Acesso/Senha,Alta,Resolvido,Operações,Bruno Reis,N2,1.4,8,Sim
INC-01956,2025-02-03 10:32,2025-02-03 13:20,Impressora,Baixa,Resolvido,RH,Carlos Lima,N1,2.8,48,Sim
INC-01307,2025-02-03 11:25,2025-02-03 12:37,Acesso/Senha,Baixa,Resolvido,RH,Carlos Lima,N1,1.2,48,Sim
INC-00929,2025-02-03 13:01,2025-02-03 15:55,Acesso/Senha,Alta,Resolvido,Logística,Carlos Lima,N1,2.9,8,Sim
INC-02422,2025-02-03 13:27,2025-02-04 03:33,Email,Baixa,Resolvido,Diretoria,Bruno Reis,N2,14.1,48,Sim
INC-02340,2025-02-04 09:31,2025-02-04 23:07,Hardware,Baixa,Resolvido,Logística,Ana Souza,N1,13.6,48,Sim
INC-00560,2025-02-05 07:54,2025-02-05 11:18,Acesso/Senha,Média,Resolvido,Comercial,Carlos Lima,N1,3.4,24,Sim
INC-00364,2025-02-05 08:59,2025-02-06 11:35,Software,Baixa,Resolvido,Logística,Ana Souza,N1,26.6,48,Sim
INC-00915,2025-02-05 10:11,2025-02-05 12:53,Impressora,Média,Resolvido,Logística,Ana Souza,N1,2.7,24,Sim
INC-01485,2025-02-05 12:36,2025-02-05 19:36,Software,Crítica,Resolvido,Comercial,Carlos Lima,N1,7.0,4,Não
INC-00446,2025-02-05 15:12,2025-02-06 01:06,Rede/Internet,Baixa,Resolvido,Diretoria,Ana Souza,N1,9.9,48,Sim
INC-00799,2025-02-06 07:28,2025-02-06 12:22,Hardware,Alta,Resolvido,RH,Fernanda Cruz,N3,4.9,8,Sim
INC-01881,2025-02-06 08:07,2025-02-06 12:13,Software,Alta,Resolvido,Diretoria,Ana Souza,N1,4.1,8,Sim
INC-01425,2025-02-06 10:57,2025-02-06 11:33,Software,Média,Resolvido,RH,Carlos Lima,N1,0.6,24,Sim
INC-00352,2025-02-06 11:18,2025-02-06 16:18,Rede/Internet,Baixa,Resolvido,Financeiro,Diego Alves,N2,5.0,48,Sim
INC-00726,2025-02-06 18:04,2025-02-06 19:10,Software,Média,Resolvido,RH,Carlos Lima,N1,1.1,24,Sim
INC-00130,2025-02-07 07:46,2025-02-08 00:28,Sistema Interno,Baixa,Resolvido,Operações,Carlos Lima,N1,16.7,48,Sim
INC-00075,2025-02-07 09:00,2025-02-07 21:36,Software,Média,Resolvido,Financeiro,Ana Souza,N1,12.6,24,Sim
INC-00353,2025-02-07 11:34,2025-02-08 12:04,Hardware,Baixa,Resolvido,Diretoria,Carlos Lima,N1,24.5,48,Sim
INC-00907,2025-02-07 12:48,2025-02-07 13:00,Impressora,Alta,Resolvido,TI,Carlos Lima,N1,0.2,8,Sim
INC-00888,2025-02-07 13:00,2025-02-07 19:54,Impressora,Média,Resolvido,Financeiro,Bruno Reis,N2,6.9,24,Sim
INC-01180,2025-02-07 13:15,2025-02-07 14:33,Acesso/Senha,Crítica,Resolvido,Operações,Fernanda Cruz,N3,1.3,4,Sim
INC-01098,2025-02-07 13:30,2025-02-07 23:54,Hardware,Média,Resolvido,RH,Carlos Lima,N1,10.4,24,Sim
INC-01085,2025-02-09 07:28,2025-02-09 11:46,Software,Média,Resolvido,Financeiro,Ana Souza,N1,4.3,24,Sim
INC-01334,2025-02-10 07:52,2025-02-11 10:34,Hardware,Baixa,Resolvido,Operações,Fernanda Cruz,N3,26.7,48,Sim
INC-00326,2025-02-10 08:44,2025-02-10 11:32,Rede/Internet,Alta,Resolvido,RH,Carlos Lima,N1,2.8,8,Sim
INC-00088,2025-02-10 09:21,2025-02-10 12:45,Software,Média,Resolvido,RH,Bruno Reis,N2,3.4,24,Sim
INC-00908,2025-02-10 12:07,2025-02-10 12:43,Acesso/Senha,Média,Resolvido,Operações,Ana Souza,N1,0.6,24,Sim
INC-01026,2025-02-10 12:30,2025-02-11 12:12,Software,Baixa,Resolvido,Comercial,Fernanda Cruz,N3,23.7,48,Sim
INC-02409,2025-02-10 13:44,2025-02-12 13:26,Hardware,Baixa,Resolvido,Logística,Ana Souza,N1,47.7,48,Sim
INC-00739,2025-02-10 14:37,2025-02-10 21:43,Hardware,Baixa,Resolvido,Financeiro,Bruno Reis,N2,7.1,48,Sim
INC-00854,2025-02-11 13:50,2025-02-11 14:26,Hardware,Crítica,Resolvido,Operações,Carlos Lima,N1,0.6,4,Sim
INC-02489,2025-02-12 07:06,2025-02-12 15:06,Email,Baixa,Resolvido,Comercial,Bruno Reis,N2,8.0,48,Sim
INC-01783,2025-02-12 08:37,2025-02-12 08:49,Email,Baixa,Resolvido,Comercial,Bruno Reis,N2,0.2,48,Sim
INC-02162,2025-02-12 10:05,2025-02-12 10:23,Hardware,Alta,Resolvido,Operações,Fernanda Cruz,N3,0.3,8,Sim
INC-00438,2025-02-12 10:10,2025-02-12 14:46,Acesso/Senha,Baixa,Resolvido,RH,Bruno Reis,N2,4.6,48,Sim
INC-01266,2025-02-12 12:16,2025-02-12 20:10,Rede/Internet,Baixa,Resolvido,Diretoria,Carlos Lima,N1,7.9,48,Sim
INC-01605,2025-02-13 09:16,2025-02-13 10:22,Email,Baixa,Resolvido,Operações,Bruno Reis,N2,1.1,48,Sim
INC-01919,2025-02-13 09:51,2025-02-13 13:15,Impressora,Baixa,Resolvido,Diretoria,Fernanda Cruz,N3,3.4,48,Sim
INC-01963,2025-02-13 10:46,2025-02-13 22:52,Rede/Internet,Alta,Resolvido,TI,Fernanda Cruz,N3,12.1,8,Não
INC-00104,2025-02-14 08:03,2025-02-14 16:15,Rede/Internet,Média,Resolvido,Operações,Bruno Reis,N2,8.2,24,Sim
INC-01800,2025-02-14 09:14,2025-02-14 21:20,Software,Baixa,Resolvido,RH,Carlos Lima,N1,12.1,48,Sim
INC-00960,2025-02-14 12:28,2025-02-14 23:16,Sistema Interno,Alta,Resolvido,Diretoria,Diego Alves,N2,10.8,8,Não
INC-00800,2025-02-16 07:38,2025-02-17 00:02,Software,Média,Resolvido,Comercial,Ana Souza,N1,16.4,24,Sim
INC-01867,2025-02-16 12:45,2025-02-16 14:03,Software,Baixa,Resolvido,TI,Diego Alves,N2,1.3,48,Sim
INC-01129,2025-02-17 10:09,2025-02-17 17:27,Email,Média,Resolvido,RH,Ana Souza,N1,7.3,24,Sim
INC-01693,2025-02-17 10:30,2025-02-17 11:42,Rede/Internet,Baixa,Resolvido,RH,Ana Souza,N1,1.2,48,Sim
INC-01149,2025-02-17 11:56,2025-02-17 12:08,Acesso/Senha,Média,Resolvido,Diretoria,Fernanda Cruz,N3,0.2,24,Sim
INC-01788,2025-02-17 15:14,2025-02-17 16:38,Impressora,Média,Resolvido,Financeiro,Bruno Reis,N2,1.4,24,Sim
INC-02042,2025-02-17 18:18,2025-02-18 01:42,Impressora,Média,Resolvido,Diretoria,Bruno Reis,N2,7.4,24,Sim
INC-00184,2025-02-18 07:53,2025-02-18 10:05,Email,Média,Resolvido,Operações,Ana Souza,N1,2.2,24,Sim
INC-02331,2025-02-18 10:36,2025-02-18 11:30,Email,Baixa,Resolvido,Financeiro,Fernanda Cruz,N3,0.9,48,Sim
INC-02300,2025-02-18 11:14,2025-02-18 11:44,Email,Crítica,Resolvido,Diretoria,Diego Alves,N2,0.5,4,Sim
INC-01331,2025-02-18 11:27,2025-02-18 13:21,Hardware,Baixa,Resolvido,Financeiro,Diego Alves,N2,1.9,48,Sim
INC-01752,2025-02-18 13:40,2025-02-18 16:40,Rede/Internet,Alta,Resolvido,Logística,Fernanda Cruz,N3,3.0,8,Sim
INC-01490,2025-02-18 14:26,2025-02-18 15:50,Impressora,Baixa,Resolvido,Financeiro,Fernanda Cruz,N3,1.4,48,Sim
INC-00030,2025-02-19 07:47,2025-02-19 22:53,Rede/Internet,Média,Resolvido,Financeiro,Ana Souza,N1,15.1,24,Sim
INC-01387,2025-02-19 09:45,2025-02-19 20:15,Hardware,Média,Resolvido,Operações,Diego Alves,N2,10.5,24,Sim
INC-00378,2025-02-19 10:24,2025-02-19 16:00,Rede/Internet,Baixa,Resolvido,TI,Fernanda Cruz,N3,5.6,48,Sim
INC-02380,2025-02-19 11:14,2025-02-19 17:38,Rede/Internet,Baixa,Resolvido,RH,Ana Souza,N1,6.4,48,Sim
INC-02310,2025-02-19 16:09,2025-02-19 22:21,Rede/Internet,Baixa,Resolvido,RH,Bruno Reis,N2,6.2,48,Sim
INC-01246,2025-02-20 07:01,2025-02-20 08:55,Acesso/Senha,Média,Resolvido,RH,Bruno Reis,N2,1.9,24,Sim
INC-01519,2025-02-20 11:57,2025-02-20 14:39,Software,Média,Resolvido,Comercial,Diego Alves,N2,2.7,24,Sim
INC-00052,2025-02-20 11:57,2025-02-21 04:45,Rede/Internet,Média,Resolvido,Financeiro,Diego Alves,N2,16.8,24,Sim
INC-01396,2025-02-21 07:13,2025-02-22 11:13,Hardware,Média,Resolvido,Financeiro,Carlos Lima,N1,28.0,24,Não
INC-01773,2025-02-21 10:49,2025-02-22 01:43,Hardware,Média,Resolvido,Financeiro,Ana Souza,N1,14.9,24,Sim
INC-00875,2025-02-21 13:37,2025-02-21 14:01,Rede/Internet,Alta,Resolvido,RH,Carlos Lima,N1,0.4,8,Sim
INC-00769,2025-02-24 07:02,2025-02-24 09:02,Software,Alta,Resolvido,Operações,Bruno Reis,N2,2.0,8,Sim
INC-00670,2025-02-24 08:37,2025-02-24 09:19,Email,Alta,Resolvido,Logística,Carlos Lima,N1,0.7,8,Sim
INC-00651,2025-02-24 09:12,2025-02-24 09:42,Acesso/Senha,Média,Resolvido,RH,Bruno Reis,N2,0.5,24,Sim
INC-00694,2025-02-24 10:59,2025-02-25 02:11,Hardware,Média,Resolvido,Operações,Bruno Reis,N2,15.2,24,Sim
INC-00433,2025-02-24 11:47,2025-02-24 15:11,Impressora,Média,Resolvido,Diretoria,Fernanda Cruz,N3,3.4,24,Sim
INC-00843,2025-02-24 14:48,2025-02-24 17:54,Software,Alta,Resolvido,Comercial,Ana Souza,N1,3.1,8,Sim
INC-01521,2025-02-24 14:49,2025-02-24 15:13,Rede/Internet,Média,Resolvido,Comercial,Diego Alves,N2,0.4,24,Sim
INC-00816,2025-02-24 15:13,2025-02-24 17:07,Acesso/Senha,Alta,Resolvido,TI,Bruno Reis,N2,1.9,8,Sim
INC-00538,2025-02-24 16:38,2025-02-25 01:20,Impressora,Média,Resolvido,Operações,Fernanda Cruz,N3,8.7,24,Sim
INC-02438,2025-02-24 17:12,2025-02-24 18:18,Acesso/Senha,Baixa,Resolvido,Financeiro,Carlos Lima,N1,1.1,48,Sim
INC-01167,2025-02-25 07:01,2025-02-25 11:13,Impressora,Alta,Resolvido,Comercial,Bruno Reis,N2,4.2,8,Sim
INC-01842,2025-02-25 09:02,2025-02-25 21:32,Rede/Internet,Média,Resolvido,Financeiro,Fernanda Cruz,N3,12.5,24,Sim
INC-00792,2025-02-25 10:31,2025-02-25 15:19,Acesso/Senha,Baixa,Resolvido,Comercial,Ana Souza,N1,4.8,48,Sim
INC-01365,2025-02-25 11:46,2025-02-25 14:04,Software,Baixa,Resolvido,Operações,Bruno Reis,N2,2.3,48,Sim
INC-00623,2025-02-26 07:07,2025-02-26 14:19,Hardware,Média,Resolvido,TI,Ana Souza,N1,7.2,24,Sim
INC-01376,2025-02-26 08:13,2025-02-26 10:19,Acesso/Senha,Baixa,Resolvido,Logística,Bruno Reis,N2,2.1,48,Sim
INC-02140,2025-02-26 09:29,2025-02-26 17:17,Software,Média,Resolvido,Logística,Carlos Lima,N1,7.8,24,Sim
INC-01529,2025-02-26 10:09,2025-02-27 14:27,Hardware,Baixa,Resolvido,Comercial,Carlos Lima,N1,28.3,48,Sim
INC-00686,2025-02-26 11:04,2025-02-26 23:28,Impressora,Baixa,Resolvido,RH,Fernanda Cruz,N3,12.4,48,Sim
INC-01342,2025-02-26 14:48,2025-02-27 05:00,Hardware,Baixa,Resolvido,TI,Fernanda Cruz,N3,14.2,48,Sim
INC-00381,2025-02-27 09:28,2025-02-27 19:22,Hardware,Média,Resolvido,Comercial,Fernanda Cruz,N3,9.9,24,Sim
INC-02116,2025-02-27 11:03,2025-02-27 18:39,Software,Média,Resolvido,RH,Carlos Lima,N1,7.6,24,Sim
INC-00396,2025-02-27 13:31,2025-02-27 13:49,Rede/Internet,Baixa,Resolvido,Comercial,Diego Alves,N2,0.3,48,Sim
INC-01515,2025-02-27 15:25,2025-02-27 16:01,Software,Baixa,Resolvido,Financeiro,Diego Alves,N2,0.6,48,Sim
INC-02271,2025-02-27 16:24,2025-02-28 02:30,Software,Baixa,Resolvido,RH,Fernanda Cruz,N3,10.1,48,Sim
INC-01201,2025-02-28 09:33,2025-02-28 09:57,Acesso/Senha,Média,Resolvido,Diretoria,Bruno Reis,N2,0.4,24,Sim
INC-01633,2025-02-28 13:14,2025-02-28 22:38,Software,Média,Resolvido,Operações,Bruno Reis,N2,9.4,24,Sim
INC-00231,2025-03-01 12:51,2025-03-01 16:39,Acesso/Senha,Média,Resolvido,Logística,Carlos Lima,N1,3.8,24,Sim
INC-01381,2025-03-01 17:48,2025-03-01 19:54,Acesso/Senha,Baixa,Resolvido,Financeiro,Diego Alves,N2,2.1,48,Sim
INC-00809,2025-03-03 09:36,2025-03-03 09:54,Acesso/Senha,Alta,Resolvido,RH,Diego Alves,N2,0.3,8,Sim
INC-01345,2025-03-03 10:05,2025-03-03 20:47,Sistema Interno,Baixa,Resolvido,Financeiro,Ana Souza,N1,10.7,48,Sim
INC-00241,2025-03-03 11:51,2025-03-03 13:27,Rede/Internet,Média,Resolvido,RH,Bruno Reis,N2,1.6,24,Sim
INC-00627,2025-03-03 12:58,2025-03-03 18:16,Acesso/Senha,Média,Resolvido,Financeiro,Ana Souza,N1,5.3,24,Sim
INC-02399,2025-03-03 14:44,2025-03-04 01:26,Email,Baixa,Resolvido,Financeiro,Fernanda Cruz,N3,10.7,48,Sim
INC-00828,2025-03-03 14:51,2025-03-03 18:51,Acesso/Senha,Média,Resolvido,RH,Ana Souza,N1,4.0,24,Sim
INC-00440,2025-03-04 07:53,2025-03-04 11:47,Hardware,Crítica,Resolvido,Comercial,Fernanda Cruz,N3,3.9,4,Sim
INC-01337,2025-03-04 08:52,2025-03-04 12:40,Software,Média,Resolvido,Comercial,Carlos Lima,N1,3.8,24,Sim
INC-00181,2025-03-04 09:33,2025-03-04 17:51,Software,Alta,Resolvido,Comercial,Carlos Lima,N1,8.3,8,Não
INC-02483,2025-03-04 10:53,2025-03-04 13:11,Acesso/Senha,Média,Resolvido,RH,Bruno Reis,N2,2.3,24,Sim
INC-01001,2025-03-04 13:40,2025-03-05 04:04,Hardware,Baixa,Resolvido,Financeiro,Fernanda Cruz,N3,14.4,48,Sim
INC-00661,2025-03-05 07:17,2025-03-05 13:47,Hardware,Alta,Resolvido,Logística,Bruno Reis,N2,6.5,8,Sim
INC-00424,2025-03-05 12:22,2025-03-05 12:34,Acesso/Senha,Média,Resolvido,Diretoria,Ana Souza,N1,0.2,24,Sim
INC-02058,2025-03-06 08:15,2025-03-06 08:27,Acesso/Senha,Média,Resolvido,Operações,Bruno Reis,N2,0.2,24,Sim
INC-01639,2025-03-06 09:55,2025-03-06 10:49,Acesso/Senha,Crítica,Resolvido,TI,Fernanda Cruz,N3,0.9,4,Sim
INC-01688,2025-03-06 10:32,2025-03-06 10:56,Email,Média,Resolvido,Logística,Bruno Reis,N2,0.4,24,Sim
INC-00026,2025-03-06 13:48,2025-03-06 20:12,Acesso/Senha,Baixa,Resolvido,Comercial,Fernanda Cruz,N3,6.4,48,Sim
INC-01871,2025-03-07 08:01,2025-03-07 14:19,Hardware,Alta,Resolvido,RH,Diego Alves,N2,6.3,8,Sim
INC-01277,2025-03-07 08:04,2025-03-07 10:34,Sistema Interno,Alta,Resolvido,Operações,Diego Alves,N2,2.5,8,Sim
INC-00585,2025-03-07 08:42,2025-03-07 09:06,Rede/Internet,Média,Resolvido,Comercial,Fernanda Cruz,N3,0.4,24,Sim
INC-00172,2025-03-07 09:32,2025-03-07 21:44,Impressora,Baixa,Resolvido,TI,Carlos Lima,N1,12.2,48,Sim
INC-01445,2025-03-07 11:56,2025-03-07 12:44,Acesso/Senha,Média,Resolvido,Logística,Bruno Reis,N2,0.8,24,Sim
INC-01008,2025-03-07 12:25,2025-03-07 14:07,Impressora,Média,Resolvido,Logística,Ana Souza,N1,1.7,24,Sim
INC-01948,2025-03-08 07:35,2025-03-08 11:53,Rede/Internet,Média,Resolvido,Comercial,Carlos Lima,N1,4.3,24,Sim
INC-01261,2025-03-08 10:40,2025-03-08 13:58,Rede/Internet,Alta,Resolvido,Logística,Carlos Lima,N1,3.3,8,Sim
INC-00969,2025-03-10 07:16,2025-03-10 08:16,Acesso/Senha,Média,Resolvido,Logística,Bruno Reis,N2,1.0,24,Sim
INC-00844,2025-03-10 10:37,2025-03-10 10:49,Software,Crítica,Resolvido,Operações,Diego Alves,N2,0.2,4,Sim
INC-02099,2025-03-10 11:29,2025-03-10 11:41,Software,Crítica,Resolvido,Financeiro,Bruno Reis,N2,0.2,4,Sim
INC-01068,2025-03-10 13:37,2025-03-11 18:25,Sistema Interno,Baixa,Resolvido,Comercial,Fernanda Cruz,N3,28.8,48,Sim
INC-01823,2025-03-11 07:28,2025-03-11 16:46,Hardware,Alta,Resolvido,Diretoria,Fernanda Cruz,N3,9.3,8,Não
INC-00832,2025-03-11 07:51,2025-03-11 12:33,Rede/Internet,Baixa,Resolvido,Diretoria,Ana Souza,N1,4.7,48,Sim
INC-00559,2025-03-11 08:12,2025-03-11 08:42,Software,Baixa,Resolvido,Operações,Bruno Reis,N2,0.5,48,Sim
INC-01911,2025-03-11 14:23,2025-03-12 02:47,Software,Alta,Resolvido,Logística,Ana Souza,N1,12.4,8,Não
INC-02032,2025-03-12 07:48,2025-03-12 09:24,Acesso/Senha,Média,Resolvido,Diretoria,Bruno Reis,N2,1.6,24,Sim
INC-01784,2025-03-13 08:22,2025-03-13 09:10,Rede/Internet,Média,Resolvido,Operações,Carlos Lima,N1,0.8,24,Sim
INC-01002,2025-03-13 11:45,2025-03-13 12:33,Sistema Interno,Média,Resolvido,Diretoria,Carlos Lima,N1,0.8,24,Sim
INC-02200,2025-03-13 11:49,2025-03-13 15:31,Rede/Internet,Média,Resolvido,Operações,Bruno Reis,N2,3.7,24,Sim
INC-00976,2025-03-13 12:43,2025-03-14 01:55,Hardware,Média,Resolvido,Financeiro,Carlos Lima,N1,13.2,24,Sim
INC-01770,2025-03-13 14:10,2025-03-13 17:34,Software,Baixa,Resolvido,Diretoria,Ana Souza,N1,3.4,48,Sim
INC-00743,2025-03-13 16:09,2025-03-13 17:57,Software,Baixa,Resolvido,TI,Fernanda Cruz,N3,1.8,48,Sim
INC-02450,2025-03-14 09:10,2025-03-14 16:16,Software,Baixa,Resolvido,RH,Bruno Reis,N2,7.1,48,Sim
INC-00563,2025-03-15 09:51,2025-03-16 01:39,Rede/Internet,Baixa,Resolvido,Comercial,Carlos Lima,N1,15.8,48,Sim
INC-00532,2025-03-17 08:41,2025-03-17 15:29,Acesso/Senha,Baixa,Resolvido,Operações,Fernanda Cruz,N3,6.8,48,Sim
INC-01880,2025-03-17 08:49,2025-03-17 20:37,Rede/Internet,Baixa,Resolvido,RH,Carlos Lima,N1,11.8,48,Sim
INC-02101,2025-03-17 09:29,2025-03-17 10:53,Acesso/Senha,Baixa,Resolvido,TI,Fernanda Cruz,N3,1.4,48,Sim
INC-01045,2025-03-17 10:57,2025-03-17 13:21,Rede/Internet,Média,Resolvido,Diretoria,Diego Alves,N2,2.4,24,Sim
INC-01627,2025-03-17 12:14,2025-03-17 12:56,Acesso/Senha,Baixa,Resolvido,Logística,Bruno Reis,N2,0.7,48,Sim
INC-01225,2025-03-17 15:59,2025-03-18 07:35,Sistema Interno,Baixa,Resolvido,Diretoria,Diego Alves,N2,15.6,48,Sim
INC-01998,2025-03-18 07:10,2025-03-18 14:04,Email,Baixa,Resolvido,Logística,Carlos Lima,N1,6.9,48,Sim
INC-01034,2025-03-18 07:45,2025-03-18 08:15,Acesso/Senha,Média,Resolvido,Operações,Ana Souza,N1,0.5,24,Sim
INC-01232,2025-03-18 10:51,2025-03-18 12:51,Email,Alta,Resolvido,Logística,Carlos Lima,N1,2.0,8,Sim
INC-00996,2025-03-18 10:56,2025-03-19 16:08,Hardware,Baixa,Resolvido,Financeiro,Ana Souza,N1,29.2,48,Sim
INC-02085,2025-03-18 13:15,2025-03-19 00:21,Rede/Internet,Baixa,Resolvido,Financeiro,Diego Alves,N2,11.1,48,Sim
INC-01384,2025-03-18 14:05,2025-03-18 17:29,Sistema Interno,Baixa,Resolvido,Comercial,Carlos Lima,N1,3.4,48,Sim
INC-01942,2025-03-19 13:56,2025-03-19 22:14,Software,Baixa,Resolvido,Logística,Bruno Reis,N2,8.3,48,Sim
INC-01013,2025-03-20 07:53,2025-03-20 09:11,Software,Baixa,Resolvido,RH,Carlos Lima,N1,1.3,48,Sim
INC-01727,2025-03-21 07:22,2025-03-21 15:28,Rede/Internet,Alta,Resolvido,Diretoria,Diego Alves,N2,8.1,8,Não
INC-00278,2025-03-21 07:51,2025-03-21 10:21,Email,Baixa,Resolvido,RH,Bruno Reis,N2,2.5,48,Sim
INC-00131,2025-03-21 11:16,2025-03-21 13:40,Software,Média,Resolvido,RH,Carlos Lima,N1,2.4,24,Sim
INC-01744,2025-03-23 07:29,2025-03-23 07:59,Acesso/Senha,Baixa,Resolvido,Comercial,Carlos Lima,N1,0.5,48,Sim
INC-00105,2025-03-24 07:09,2025-03-24 16:27,Hardware,Baixa,Resolvido,TI,Carlos Lima,N1,9.3,48,Sim
INC-00745,2025-03-24 07:27,2025-03-24 14:09,Software,Média,Resolvido,Operações,Carlos Lima,N1,6.7,24,Sim
INC-00031,2025-03-24 07:29,2025-03-26 15:35,Sistema Interno,Baixa,Resolvido,Comercial,Bruno Reis,N2,56.1,48,Não
INC-00779,2025-03-24 08:12,2025-03-24 11:12,Software,Baixa,Resolvido,Logística,Ana Souza,N1,3.0,48,Sim
INC-00983,2025-03-24 09:44,2025-03-24 16:20,Hardware,Média,Resolvido,Comercial,Fernanda Cruz,N3,6.6,24,Sim
INC-00881,2025-03-24 09:46,2025-03-24 20:52,Hardware,Baixa,Resolvido,Comercial,Carlos Lima,N1,11.1,48,Sim
INC-00580,2025-03-24 10:06,2025-03-24 11:48,Software,Baixa,Resolvido,Diretoria,Diego Alves,N2,1.7,48,Sim
INC-01248,2025-03-24 11:17,2025-03-24 12:59,Rede/Internet,Média,Resolvido,Diretoria,Carlos Lima,N1,1.7,24,Sim
INC-00398,2025-03-24 12:04,2025-03-24 12:58,Rede/Internet,Alta,Resolvido,Comercial,Bruno Reis,N2,0.9,8,Sim
INC-00391,2025-03-24 12:08,2025-03-24 20:02,Hardware,Média,Resolvido,Operações,Ana Souza,N1,7.9,24,Sim
INC-00042,2025-03-24 13:51,2025-03-24 14:51,Acesso/Senha,Crítica,Resolvido,Financeiro,Bruno Reis,N2,1.0,4,Sim
INC-02481,2025-03-24 14:34,2025-03-24 19:52,Rede/Internet,Alta,Resolvido,Diretoria,Bruno Reis,N2,5.3,8,Sim
INC-01707,2025-03-24 19:15,2025-03-24 19:39,Acesso/Senha,Crítica,Resolvido,TI,Carlos Lima,N1,0.4,4,Sim
INC-00276,2025-03-25 11:03,2025-03-25 12:51,Rede/Internet,Média,Resolvido,Logística,Fernanda Cruz,N3,1.8,24,Sim
INC-02302,2025-03-25 11:06,2025-03-25 15:00,Rede/Internet,Média,Resolvido,RH,Fernanda Cruz,N3,3.9,24,Sim
INC-00325,2025-03-25 11:51,2025-03-25 13:03,Acesso/Senha,Crítica,Resolvido,Diretoria,Fernanda Cruz,N3,1.2,4,Sim
INC-00059,2025-03-25 13:16,2025-03-25 16:40,Acesso/Senha,Baixa,Resolvido,Financeiro,Carlos Lima,N1,3.4,48,Sim
INC-02429,2025-03-25 13:42,2025-03-26 11:42,Email,Média,Resolvido,TI,Fernanda Cruz,N3,22.0,24,Sim
INC-02013,2025-03-26 07:33,2025-03-27 04:03,Software,Baixa,Resolvido,TI,Carlos Lima,N1,20.5,48,Sim
INC-00370,2025-03-26 10:12,2025-03-26 22:12,Software,Média,Resolvido,Diretoria,Diego Alves,N2,12.0,24,Sim
INC-00293,2025-03-26 11:13,2025-03-26 15:49,Software,Baixa,Resolvido,TI,Carlos Lima,N1,4.6,48,Sim
INC-00414,2025-03-26 11:40,2025-03-26 11:52,Acesso/Senha,Média,Resolvido,Diretoria,Ana Souza,N1,0.2,24,Sim
INC-02167,2025-03-26 13:21,2025-03-26 13:39,Software,Baixa,Resolvido,Comercial,Fernanda Cruz,N3,0.3,48,Sim
INC-00704,2025-03-26 13:24,2025-03-27 11:18,Sistema Interno,Baixa,Resolvido,Diretoria,Ana Souza,N1,21.9,48,Sim
INC-00405,2025-03-27 11:17,2025-03-27 14:41,Rede/Internet,Média,Resolvido,Logística,Diego Alves,N2,3.4,24,Sim
INC-00827,2025-03-28 16:36,2025-03-29 04:00,Software,Média,Resolvido,Comercial,Fernanda Cruz,N3,11.4,24,Sim
INC-01604,2025-03-28 17:37,2025-03-28 18:13,Acesso/Senha,Baixa,Resolvido,Financeiro,Bruno Reis,N2,0.6,48,Sim
INC-00553,2025-03-30 15:04,2025-03-30 16:46,Hardware,Baixa,Resolvido,Operações,Diego Alves,N2,1.7,48,Sim
INC-02499,2025-03-31 07:22,2025-03-31 08:16,Acesso/Senha,Média,Resolvido,Diretoria,Ana Souza,N1,0.9,24,Sim
INC-01724,2025-03-31 07:38,2025-03-31 08:14,Acesso/Senha,Alta,Resolvido,Logística,Diego Alves,N2,0.6,8,Sim
INC-00586,2025-03-31 07:59,2025-03-31 09:05,Acesso/Senha,Baixa,Resolvido,Operações,Ana Souza,N1,1.1,48,Sim
INC-00479,2025-03-31 08:37,2025-03-31 16:43,Email,Baixa,Resolvido,Diretoria,Bruno Reis,N2,8.1,48,Sim
INC-02047,2025-03-31 08:55,2025-03-31 11:31,Acesso/Senha,Baixa,Resolvido,Comercial,Carlos Lima,N1,2.6,48,Sim
INC-01080,2025-03-31 08:58,2025-03-31 09:10,Rede/Internet,Média,Resolvido,Logística,Fernanda Cruz,N3,0.2,24,Sim
INC-01357,2025-03-31 09:52,2025-03-31 10:04,Acesso/Senha,Crítica,Resolvido,Operações,Carlos Lima,N1,0.2,4,Sim
INC-00959,2025-03-31 11:00,2025-04-01 19:12,Software,Baixa,Resolvido,Comercial,Ana Souza,N1,32.2,48,Sim
INC-01586,2025-03-31 11:23,2025-03-31 14:11,Acesso/Senha,Baixa,Resolvido,Diretoria,Fernanda Cruz,N3,2.8,48,Sim
INC-01937,2025-03-31 11:43,2025-03-31 14:13,Hardware,Baixa,Resolvido,RH,Fernanda Cruz,N3,2.5,48,Sim
INC-01926,2025-03-31 12:30,2025-03-31 12:48,Acesso/Senha,Alta,Resolvido,Financeiro,Fernanda Cruz,N3,0.3,8,Sim
INC-02368,2025-03-31 13:23,2025-03-31 13:41,Impressora,Média,Resolvido,Comercial,Carlos Lima,N1,0.3,24,Sim
INC-01427,2025-04-01 08:14,2025-04-01 11:56,Software,Média,Resolvido,Financeiro,Diego Alves,N2,3.7,24,Sim
INC-00873,2025-04-01 08:51,2025-04-01 19:27,Software,Alta,Resolvido,Logística,Ana Souza,N1,10.6,8,Não
INC-00156,2025-04-01 10:12,2025-04-01 13:00,Software,Baixa,Resolvido,Financeiro,Bruno Reis,N2,2.8,48,Sim
INC-00662,2025-04-01 10:18,2025-04-01 11:00,Hardware,Alta,Resolvido,Diretoria,Bruno Reis,N2,0.7,8,Sim
INC-02312,2025-04-01 10:19,2025-04-01 15:31,Software,Baixa,Resolvido,Financeiro,Fernanda Cruz,N3,5.2,48,Sim
INC-02082,2025-04-01 10:32,2025-04-02 12:50,Rede/Internet,Baixa,Resolvido,RH,Diego Alves,N2,26.3,48,Sim
INC-00178,2025-04-01 14:17,2025-04-01 23:05,Rede/Internet,Baixa,Resolvido,Comercial,Bruno Reis,N2,8.8,48,Sim
INC-00452,2025-04-02 07:55,2025-04-02 08:55,Email,Alta,Resolvido,Logística,Bruno Reis,N2,1.0,8,Sim
INC-01312,2025-04-02 11:31,2025-04-02 13:49,Software,Média,Resolvido,Comercial,Ana Souza,N1,2.3,24,Sim
INC-01119,2025-04-02 11:46,2025-04-02 20:28,Acesso/Senha,Baixa,Resolvido,Operações,Carlos Lima,N1,8.7,48,Sim
INC-00509,2025-04-02 11:47,2025-04-02 12:41,Software,Alta,Resolvido,Logística,Fernanda Cruz,N3,0.9,8,Sim
INC-02370,2025-04-02 12:54,2025-04-03 07:36,Software,Baixa,Resolvido,RH,Bruno Reis,N2,18.7,48,Sim
INC-01137,2025-04-03 08:22,2025-04-03 09:04,Acesso/Senha,Baixa,Resolvido,Logística,Diego Alves,N2,0.7,48,Sim
INC-01475,2025-04-03 10:10,2025-04-03 10:22,Software,Média,Resolvido,Financeiro,Fernanda Cruz,N3,0.2,24,Sim
INC-00157,2025-04-03 10:23,2025-04-03 11:47,Email,Baixa,Resolvido,Financeiro,Carlos Lima,N1,1.4,48,Sim
INC-01734,2025-04-03 10:24,2025-04-03 11:12,Hardware,Crítica,Resolvido,Diretoria,Bruno Reis,N2,0.8,4,Sim
INC-00062,2025-04-03 10:26,2025-04-03 12:02,Acesso/Senha,Baixa,Resolvido,Diretoria,Fernanda Cruz,N3,1.6,48,Sim
INC-02037,2025-04-03 12:23,2025-04-03 18:35,Rede/Internet,Alta,Resolvido,Financeiro,Bruno Reis,N2,6.2,8,Sim
INC-01806,2025-04-03 12:34,2025-04-03 14:04,Acesso/Senha,Baixa,Resolvido,Logística,Bruno Reis,N2,1.5,48,Sim
INC-00168,2025-04-03 12:47,2025-04-03 20:05,Software,Baixa,Resolvido,RH,Fernanda Cruz,N3,7.3,48,Sim
INC-01798,2025-04-03 13:57,2025-04-04 08:09,Software,Baixa,Resolvido,Comercial,Carlos Lima,N1,18.2,48,Sim
INC-02352,2025-04-04 07:48,2025-04-04 14:00,Hardware,Baixa,Resolvido,Logística,Carlos Lima,N1,6.2,48,Sim
INC-01063,2025-04-04 09:02,2025-04-04 10:38,Acesso/Senha,Baixa,Resolvido,Operações,Ana Souza,N1,1.6,48,Sim
INC-02397,2025-04-04 10:14,2025-04-05 04:32,Hardware,Média,Resolvido,Comercial,Bruno Reis,N2,18.3,24,Sim
INC-02396,2025-04-04 13:28,2025-04-06 12:34,Hardware,Baixa,Resolvido,Comercial,Fernanda Cruz,N3,47.1,48,Sim
INC-00503,2025-04-04 13:57,2025-04-04 14:45,Software,Média,Resolvido,TI,Fernanda Cruz,N3,0.8,24,Sim
INC-01583,2025-04-06 12:08,2025-04-06 15:14,Acesso/Senha,Baixa,Resolvido,RH,Bruno Reis,N2,3.1,48,Sim
INC-02484,2025-04-07 07:06,2025-04-07 08:36,Software,Crítica,Resolvido,Logística,Diego Alves,N2,1.5,4,Sim
INC-02123,2025-04-07 07:08,2025-04-07 08:38,Rede/Internet,Baixa,Resolvido,Logística,Carlos Lima,N1,1.5,48,Sim
INC-01467,2025-04-07 07:15,2025-04-07 21:39,Rede/Internet,Baixa,Resolvido,Operações,Ana Souza,N1,14.4,48,Sim
INC-02054,2025-04-07 08:41,2025-04-07 09:59,Hardware,Alta,Resolvido,Financeiro,Diego Alves,N2,1.3,8,Sim
INC-01903,2025-04-07 08:42,2025-04-07 09:18,Impressora,Média,Resolvido,Diretoria,Fernanda Cruz,N3,0.6,24,Sim
INC-01122,2025-04-07 10:03,2025-04-07 10:57,Rede/Internet,Alta,Resolvido,Diretoria,Ana Souza,N1,0.9,8,Sim
INC-00848,2025-04-07 10:08,2025-04-07 23:26,Sistema Interno,Alta,Resolvido,Operações,Bruno Reis,N2,13.3,8,Não
INC-02026,2025-04-07 10:23,2025-04-07 13:23,Rede/Internet,Alta,Resolvido,Comercial,Ana Souza,N1,3.0,8,Sim
INC-00777,2025-04-07 10:23,2025-04-07 16:11,Software,Média,Resolvido,Logística,Ana Souza,N1,5.8,24,Sim
INC-00842,2025-04-07 11:16,2025-04-07 12:28,Rede/Internet,Média,Resolvido,TI,Diego Alves,N2,1.2,24,Sim
INC-00833,2025-04-07 11:50,2025-04-07 14:32,Software,Média,Resolvido,Financeiro,Carlos Lima,N1,2.7,24,Sim
INC-01882,2025-04-07 12:31,2025-04-07 13:37,Rede/Internet,Média,Resolvido,Operações,Diego Alves,N2,1.1,24,Sim
INC-00702,2025-04-07 12:55,2025-04-07 16:43,Impressora,Média,Resolvido,Operações,Carlos Lima,N1,3.8,24,Sim
INC-02412,2025-04-07 13:29,2025-04-08 00:41,Software,Baixa,Resolvido,TI,Bruno Reis,N2,11.2,48,Sim
INC-01175,2025-04-07 14:14,2025-04-07 14:26,Software,Média,Resolvido,Financeiro,Ana Souza,N1,0.2,24,Sim
INC-01079,2025-04-07 14:57,2025-04-07 16:09,Email,Baixa,Resolvido,RH,Ana Souza,N1,1.2,48,Sim
INC-01584,2025-04-07 15:05,2025-04-07 16:05,Software,Média,Resolvido,Financeiro,Bruno Reis,N2,1.0,24,Sim
INC-02238,2025-04-08 07:12,2025-04-08 07:36,Impressora,Média,Resolvido,Financeiro,Diego Alves,N2,0.4,24,Sim
INC-01027,2025-04-08 07:38,2025-04-08 23:02,Rede/Internet,Média,Resolvido,Comercial,Diego Alves,N2,15.4,24,Sim
INC-02182,2025-04-08 09:18,2025-04-08 13:06,Software,Baixa,Resolvido,Comercial,Carlos Lima,N1,3.8,48,Sim
INC-01723,2025-04-08 12:22,2025-04-08 12:34,Acesso/Senha,Média,Resolvido,Logística,Carlos Lima,N1,0.2,24,Sim
INC-00914,2025-04-08 15:16,2025-04-08 23:58,Impressora,Baixa,Resolvido,Financeiro,Carlos Lima,N1,8.7,48,Sim
INC-01369,2025-04-09 11:12,2025-04-09 19:00,Acesso/Senha,Baixa,Resolvido,Diretoria,Diego Alves,N2,7.8,48,Sim
INC-00036,2025-04-10 09:23,2025-04-10 10:17,Acesso/Senha,Média,Resolvido,RH,Bruno Reis,N2,0.9,24,Sim
INC-00119,2025-04-10 11:07,2025-04-10 14:43,Acesso/Senha,Baixa,Resolvido,Operações,Bruno Reis,N2,3.6,48,Sim
INC-00951,2025-04-10 13:32,2025-04-10 20:08,Software,Baixa,Resolvido,Operações,Diego Alves,N2,6.6,48,Sim
INC-01208,2025-04-10 14:30,2025-04-10 23:12,Email,Baixa,Resolvido,Financeiro,Bruno Reis,N2,8.7,48,Sim
INC-00307,2025-04-11 07:40,2025-04-11 23:46,Hardware,Baixa,Resolvido,Comercial,Fernanda Cruz,N3,16.1,48,Sim
INC-01687,2025-04-11 07:47,2025-04-11 08:11,Software,Crítica,Resolvido,Operações,Carlos Lima,N1,0.4,4,Sim
INC-00707,2025-04-11 11:16,2025-04-11 13:34,Acesso/Senha,Média,Resolvido,Financeiro,Bruno Reis,N2,2.3,24,Sim
INC-02219,2025-04-11 11:25,2025-04-11 13:49,Software,Média,Resolvido,TI,Bruno Reis,N2,2.4,24,Sim
INC-00890,2025-04-12 07:59,2025-04-12 09:47,Acesso/Senha,Média,Resolvido,Logística,Fernanda Cruz,N3,1.8,24,Sim
INC-00734,2025-04-12 09:53,2025-04-14 12:47,Software,Baixa,Resolvido,Diretoria,Bruno Reis,N2,50.9,48,Não
INC-00594,2025-04-14 07:56,2025-04-14 08:38,Acesso/Senha,Baixa,Resolvido,Logística,Bruno Reis,N2,0.7,48,Sim
INC-00755,2025-04-14 08:50,2025-04-14 09:14,Acesso/Senha,Média,Resolvido,Operações,Fernanda Cruz,N3,0.4,24,Sim
INC-00760,2025-04-14 09:31,2025-04-15 00:01,Impressora,Baixa,Resolvido,Financeiro,Ana Souza,N1,14.5,48,Sim
INC-00464,2025-04-14 09:35,2025-04-14 09:47,Acesso/Senha,Média,Resolvido,TI,Bruno Reis,N2,0.2,24,Sim
INC-00050,2025-04-14 09:50,2025-04-14 15:02,Email,Média,Resolvido,Comercial,Carlos Lima,N1,5.2,24,Sim
INC-00964,2025-04-14 10:40,2025-04-14 10:52,Acesso/Senha,Baixa,Resolvido,RH,Fernanda Cruz,N3,0.2,48,Sim
INC-02388,2025-04-14 12:24,2025-04-16 23:36,Hardware,Baixa,Resolvido,Operações,Carlos Lima,N1,59.2,48,Não
INC-01767,2025-04-14 12:27,2025-04-14 14:21,Acesso/Senha,Média,Resolvido,Logística,Carlos Lima,N1,1.9,24,Sim
INC-00520,2025-04-14 15:58,2025-04-14 20:28,Software,Alta,Resolvido,Logística,Diego Alves,N2,4.5,8,Sim
INC-01441,2025-04-15 07:54,2025-04-15 10:00,Hardware,Média,Resolvido,RH,Diego Alves,N2,2.1,24,Sim
INC-01551,2025-04-15 07:55,2025-04-15 17:19,Acesso/Senha,Baixa,Resolvido,Operações,Diego Alves,N2,9.4,48,Sim
INC-02190,2025-04-15 08:11,2025-04-15 14:35,Email,Baixa,Resolvido,RH,Ana Souza,N1,6.4,48,Sim
INC-01182,2025-04-15 13:58,2025-04-15 17:04,Acesso/Senha,Alta,Resolvido,Financeiro,Ana Souza,N1,3.1,8,Sim
INC-01592,2025-04-16 09:23,2025-04-16 11:17,Software,Média,Resolvido,RH,Carlos Lima,N1,1.9,24,Sim
INC-01304,2025-04-16 09:33,2025-04-17 09:45,Sistema Interno,Alta,Resolvido,Financeiro,Diego Alves,N2,24.2,8,Não
INC-01325,2025-04-16 12:15,2025-04-16 16:21,Software,Média,Resolvido,RH,Ana Souza,N1,4.1,24,Sim
INC-00587,2025-04-16 12:38,2025-04-16 14:20,Hardware,Baixa,Resolvido,Logística,Carlos Lima,N1,1.7,48,Sim
INC-01409,2025-04-16 12:57,2025-04-16 17:21,Acesso/Senha,Média,Resolvido,RH,Bruno Reis,N2,4.4,24,Sim
INC-01499,2025-04-17 07:02,2025-04-18 14:56,Rede/Internet,Baixa,Resolvido,TI,Diego Alves,N2,31.9,48,Sim
INC-01934,2025-04-17 07:41,2025-04-17 09:17,Acesso/Senha,Média,Resolvido,Diretoria,Carlos Lima,N1,1.6,24,Sim
INC-01530,2025-04-17 10:14,2025-04-17 16:20,Sistema Interno,Alta,Resolvido,Logística,Fernanda Cruz,N3,6.1,8,Sim
INC-00548,2025-04-17 13:22,2025-04-17 14:04,Acesso/Senha,Baixa,Resolvido,Diretoria,Diego Alves,N2,0.7,48,Sim
INC-01023,2025-04-18 07:03,2025-04-18 07:33,Software,Crítica,Resolvido,TI,Diego Alves,N2,0.5,4,Sim
INC-00681,2025-04-18 09:36,2025-04-18 20:18,Software,Baixa,Resolvido,Diretoria,Ana Souza,N1,10.7,48,Sim
INC-00555,2025-04-18 09:46,2025-04-19 09:22,Hardware,Média,Resolvido,Comercial,Fernanda Cruz,N3,23.6,24,Sim
INC-01011,2025-04-18 10:44,2025-04-18 14:20,Rede/Internet,Baixa,Resolvido,Diretoria,Ana Souza,N1,3.6,48,Sim
INC-01385,2025-04-18 11:59,2025-04-20 17:53,Hardware,Baixa,Resolvido,Operações,Fernanda Cruz,N3,53.9,48,Não
INC-01230,2025-04-18 12:47,2025-04-18 13:05,Software,Alta,Resolvido,Logística,Diego Alves,N2,0.3,8,Sim
INC-01710,2025-04-18 14:09,2025-04-18 22:09,Rede/Internet,Média,Resolvido,TI,Bruno Reis,N2,8.0,24,Sim
INC-01909,2025-04-18 16:20,2025-04-18 16:32,Software,Crítica,Resolvido,Comercial,Ana Souza,N1,0.2,4,Sim
INC-00073,2025-04-20 09:20,2025-04-21 11:14,Software,Baixa,Resolvido,Operações,Fernanda Cruz,N3,25.9,48,Sim
INC-00598,2025-04-20 11:54,2025-04-20 12:12,Software,Baixa,Resolvido,Operações,Ana Souza,N1,0.3,48,Sim
INC-00989,2025-04-21 07:20,2025-04-21 09:14,Acesso/Senha,Baixa,Resolvido,Logística,Fernanda Cruz,N3,1.9,48,Sim
INC-01957,2025-04-21 08:21,2025-04-21 11:51,Acesso/Senha,Baixa,Resolvido,RH,Carlos Lima,N1,3.5,48,Sim
INC-01865,2025-04-21 09:42,2025-04-22 01:06,Sistema Interno,Baixa,Resolvido,Comercial,Diego Alves,N2,15.4,48,Sim
INC-01165,2025-04-21 10:15,2025-04-21 11:21,Hardware,Baixa,Resolvido,Logística,Ana Souza,N1,1.1,48,Sim
INC-01323,2025-04-21 12:21,2025-04-21 19:15,Email,Média,Resolvido,Diretoria,Bruno Reis,N2,6.9,24,Sim
INC-00348,2025-04-21 14:05,2025-04-21 14:53,Acesso/Senha,Média,Resolvido,Financeiro,Bruno Reis,N2,0.8,24,Sim
INC-00874,2025-04-21 16:59,2025-04-22 03:17,Rede/Internet,Baixa,Resolvido,Logística,Bruno Reis,N2,10.3,48,Sim
INC-02147,2025-04-22 09:25,2025-04-23 09:37,Hardware,Baixa,Resolvido,Diretoria,Ana Souza,N1,24.2,48,Sim
INC-00737,2025-04-22 10:43,2025-04-22 17:43,Software,Alta,Resolvido,Operações,Carlos Lima,N1,7.0,8,Sim
INC-01920,2025-04-22 12:28,2025-04-22 16:58,Hardware,Alta,Resolvido,TI,Ana Souza,N1,4.5,8,Sim
INC-00421,2025-04-23 08:23,2025-04-23 18:29,Impressora,Baixa,Resolvido,Financeiro,Carlos Lima,N1,10.1,48,Sim
INC-02252,2025-04-23 10:29,2025-04-23 12:05,Software,Baixa,Resolvido,Comercial,Bruno Reis,N2,1.6,48,Sim
INC-00144,2025-04-23 13:47,2025-04-23 14:11,Acesso/Senha,Crítica,Resolvido,Financeiro,Ana Souza,N1,0.4,4,Sim
INC-02139,2025-04-24 08:22,2025-04-24 15:28,Software,Alta,Resolvido,Financeiro,Bruno Reis,N2,7.1,8,Sim
INC-00012,2025-04-24 10:21,2025-04-24 10:57,Impressora,Média,Resolvido,Financeiro,Bruno Reis,N2,0.6,24,Sim
INC-01437,2025-04-24 10:44,2025-04-24 12:56,Software,Média,Resolvido,Comercial,Carlos Lima,N1,2.2,24,Sim
INC-02231,2025-04-24 11:09,2025-04-24 17:09,Hardware,Crítica,Resolvido,TI,Ana Souza,N1,6.0,4,Não
INC-02044,2025-04-24 12:09,2025-04-24 13:33,Software,Baixa,Resolvido,TI,Fernanda Cruz,N3,1.4,48,Sim
INC-00991,2025-04-24 13:02,2025-04-24 14:26,Acesso/Senha,Média,Resolvido,Logística,Ana Souza,N1,1.4,24,Sim
INC-01083,2025-04-24 14:39,2025-04-24 15:45,Acesso/Senha,Baixa,Resolvido,TI,Fernanda Cruz,N3,1.1,48,Sim
INC-00185,2025-04-25 09:56,2025-04-25 10:08,Hardware,Alta,Resolvido,Operações,Ana Souza,N1,0.2,8,Sim
INC-01683,2025-04-25 10:36,2025-04-29 16:24,Sistema Interno,Baixa,Resolvido,Financeiro,Diego Alves,N2,101.8,48,Não
INC-00182,2025-04-25 11:53,2025-04-25 22:23,Hardware,Baixa,Resolvido,Logística,Fernanda Cruz,N3,10.5,48,Sim
INC-01846,2025-04-26 08:45,2025-04-26 08:57,Software,Baixa,Resolvido,RH,Fernanda Cruz,N3,0.2,48,Sim
INC-02141,2025-04-26 11:22,2025-04-26 17:22,Email,Média,Resolvido,TI,Fernanda Cruz,N3,6.0,24,Sim
INC-01264,2025-04-27 09:58,2025-04-27 23:22,Sistema Interno,Crítica,Resolvido,Logística,Carlos Lima,N1,13.4,4,Não
INC-00770,2025-04-27 13:48,2025-04-28 16:48,Rede/Internet,Baixa,Resolvido,Diretoria,Carlos Lima,N1,27.0,48,Sim
INC-01116,2025-04-27 14:16,2025-04-27 16:46,Acesso/Senha,Média,Resolvido,Logística,Carlos Lima,N1,2.5,24,Sim
INC-01538,2025-04-28 07:32,2025-04-28 07:56,Software,Alta,Resolvido,Comercial,Carlos Lima,N1,0.4,8,Sim
INC-00212,2025-04-28 07:41,2025-04-28 21:47,Hardware,Média,Resolvido,TI,Diego Alves,N2,14.1,24,Sim
INC-02112,2025-04-28 09:10,2025-04-28 16:04,Hardware,Média,Resolvido,Comercial,Bruno Reis,N2,6.9,24,Sim
INC-00148,2025-04-28 09:58,2025-04-28 18:34,Hardware,Alta,Resolvido,Comercial,Bruno Reis,N2,8.6,8,Não
INC-01341,2025-04-28 10:51,2025-04-28 11:03,Acesso/Senha,Alta,Resolvido,Diretoria,Fernanda Cruz,N3,0.2,8,Sim
INC-01244,2025-04-28 11:06,2025-04-28 11:54,Impressora,Baixa,Resolvido,Operações,Bruno Reis,N2,0.8,48,Sim
INC-00321,2025-04-28 11:47,2025-04-28 12:17,Acesso/Senha,Crítica,Resolvido,Financeiro,Diego Alves,N2,0.5,4,Sim
INC-02405,2025-04-28 11:52,2025-04-29 04:16,Hardware,Média,Resolvido,Comercial,Ana Souza,N1,16.4,24,Sim
INC-00359,2025-04-28 12:59,2025-04-28 17:23,Hardware,Alta,Resolvido,Operações,Ana Souza,N1,4.4,8,Sim
INC-00450,2025-04-28 13:38,2025-04-28 16:38,Rede/Internet,Alta,Resolvido,RH,Diego Alves,N2,3.0,8,Sim
INC-01416,2025-04-28 13:53,2025-04-29 14:29,Rede/Internet,Baixa,Resolvido,Operações,Fernanda Cruz,N3,24.6,48,Sim
INC-00865,2025-04-28 16:03,2025-04-29 01:57,Hardware,Média,Resolvido,Logística,Fernanda Cruz,N3,9.9,24,Sim
INC-00407,2025-04-28 16:18,2025-04-28 18:12,Software,Média,Resolvido,TI,Carlos Lima,N1,1.9,24,Sim
INC-02298,2025-04-28 16:33,2025-04-28 17:33,Rede/Internet,Alta,Resolvido,RH,Bruno Reis,N2,1.0,8,Sim
INC-01655,2025-04-29 10:29,2025-05-01 02:47,Hardware,Baixa,Resolvido,TI,Fernanda Cruz,N3,40.3,48,Sim
INC-00791,2025-04-29 12:20,2025-04-29 12:44,Software,Média,Resolvido,Financeiro,Carlos Lima,N1,0.4,24,Sim
INC-00330,2025-04-29 12:53,2025-04-29 13:23,Software,Alta,Resolvido,Logística,Bruno Reis,N2,0.5,8,Sim
INC-00645,2025-04-30 08:26,2025-04-30 15:32,Rede/Internet,Baixa,Resolvido,RH,Carlos Lima,N1,7.1,48,Sim
INC-01401,2025-04-30 11:23,2025-04-30 15:11,Software,Média,Resolvido,Financeiro,Carlos Lima,N1,3.8,24,Sim
INC-02321,2025-04-30 11:52,2025-04-30 17:58,Software,Baixa,Resolvido,RH,Diego Alves,N2,6.1,48,Sim
INC-01240,2025-04-30 12:31,2025-04-30 16:49,Rede/Internet,Baixa,Resolvido,TI,Diego Alves,N2,4.3,48,Sim
INC-00999,2025-05-01 12:31,2025-05-01 22:31,Hardware,Baixa,Resolvido,Financeiro,Diego Alves,N2,10.0,48,Sim
INC-01486,2025-05-01 13:14,2025-05-01 16:14,Acesso/Senha,Média,Resolvido,RH,Ana Souza,N1,3.0,24,Sim
INC-00334,2025-05-01 19:46,2025-05-01 20:16,Software,Crítica,Resolvido,Operações,Ana Souza,N1,0.5,4,Sim
INC-00015,2025-05-02 07:12,2025-05-02 07:42,Acesso/Senha,Baixa,Resolvido,RH,Carlos Lima,N1,0.5,48,Sim
INC-00539,2025-05-02 07:16,2025-05-02 07:58,Impressora,Crítica,Resolvido,Diretoria,Diego Alves,N2,0.7,4,Sim
INC-01292,2025-05-02 07:21,2025-05-02 13:33,Acesso/Senha,Baixa,Resolvido,TI,Ana Souza,N1,6.2,48,Sim
INC-00129,2025-05-02 09:39,2025-05-02 18:51,Hardware,Alta,Resolvido,TI,Bruno Reis,N2,9.2,8,Não
INC-00925,2025-05-02 09:45,2025-05-02 09:57,Software,Baixa,Resolvido,RH,Ana Souza,N1,0.2,48,Sim
INC-00946,2025-05-05 07:24,2025-05-05 15:24,Rede/Internet,Alta,Resolvido,Logística,Bruno Reis,N2,8.0,8,Sim
INC-01433,2025-05-05 07:36,2025-05-05 09:12,Acesso/Senha,Baixa,Resolvido,Financeiro,Diego Alves,N2,1.6,48,Sim
INC-01177,2025-05-05 08:43,2025-05-05 21:07,Hardware,Média,Resolvido,Diretoria,Diego Alves,N2,12.4,24,Sim
INC-00603,2025-05-05 09:25,2025-05-05 10:37,Impressora,Baixa,Resolvido,Diretoria,Diego Alves,N2,1.2,48,Sim
INC-01599,2025-05-05 10:21,2025-05-05 10:51,Software,Média,Resolvido,Financeiro,Bruno Reis,N2,0.5,24,Sim
INC-01086,2025-05-05 10:23,2025-05-05 14:41,Sistema Interno,Alta,Resolvido,Comercial,Carlos Lima,N1,4.3,8,Sim
INC-01162,2025-05-05 10:29,2025-05-05 17:35,Software,Alta,Resolvido,TI,Diego Alves,N2,7.1,8,Sim
INC-02311,2025-05-05 11:36,2025-05-05 23:00,Sistema Interno,Média,Resolvido,Operações,Diego Alves,N2,11.4,24,Sim
INC-00871,2025-05-05 12:40,2025-05-05 14:40,Acesso/Senha,Baixa,Resolvido,TI,Bruno Reis,N2,2.0,48,Sim
INC-02443,2025-05-05 12:47,2025-05-05 13:23,Acesso/Senha,Crítica,Resolvido,Logística,Carlos Lima,N1,0.6,4,Sim
INC-01647,2025-05-05 13:07,2025-05-05 14:37,Hardware,Média,Resolvido,Logística,Diego Alves,N2,1.5,24,Sim
INC-01091,2025-05-05 13:26,2025-05-05 13:44,Acesso/Senha,Baixa,Resolvido,TI,Ana Souza,N1,0.3,48,Sim
INC-01966,2025-05-05 14:05,2025-05-05 22:59,Hardware,Baixa,Resolvido,Operações,Fernanda Cruz,N3,8.9,48,Sim
INC-02262,2025-05-05 16:36,2025-05-05 17:36,Software,Alta,Resolvido,TI,Carlos Lima,N1,1.0,8,Sim
INC-01716,2025-05-06 10:42,2025-05-06 14:30,Hardware,Média,Resolvido,Financeiro,Ana Souza,N1,3.8,24,Sim
INC-02342,2025-05-06 13:08,2025-05-06 23:02,Hardware,Alta,Resolvido,RH,Diego Alves,N2,9.9,8,Não
INC-01587,2025-05-07 07:05,2025-05-07 22:11,Rede/Internet,Baixa,Resolvido,Comercial,Fernanda Cruz,N3,15.1,48,Sim
INC-02335,2025-05-07 14:46,2025-05-07 15:04,Acesso/Senha,Média,Resolvido,RH,Carlos Lima,N1,0.3,24,Sim
INC-00038,2025-05-07 14:59,2025-05-08 00:35,Software,Média,Resolvido,TI,Ana Souza,N1,9.6,24,Sim
INC-01359,2025-05-08 07:18,2025-05-08 07:36,Acesso/Senha,Alta,Resolvido,Operações,Diego Alves,N2,0.3,8,Sim
INC-02343,2025-05-08 08:55,2025-05-08 12:01,Software,Média,Resolvido,RH,Diego Alves,N2,3.1,24,Sim
INC-01793,2025-05-08 11:14,2025-05-08 14:08,Software,Média,Resolvido,Operações,Diego Alves,N2,2.9,24,Sim
INC-01482,2025-05-08 11:50,2025-05-08 18:38,Software,Baixa,Resolvido,RH,Bruno Reis,N2,6.8,48,Sim
INC-01479,2025-05-08 16:54,2025-05-08 19:42,Acesso/Senha,Baixa,Resolvido,RH,Fernanda Cruz,N3,2.8,48,Sim
INC-01444,2025-05-09 08:08,2025-05-09 11:44,Acesso/Senha,Média,Resolvido,Logística,Bruno Reis,N2,3.6,24,Sim
INC-00106,2025-05-09 09:25,2025-05-09 15:07,Software,Média,Resolvido,Comercial,Diego Alves,N2,5.7,24,Sim
INC-01245,2025-05-09 11:23,2025-05-10 07:23,Rede/Internet,Baixa,Resolvido,Financeiro,Fernanda Cruz,N3,20.0,48,Sim
INC-02061,2025-05-09 15:33,2025-05-09 18:21,Software,Baixa,Resolvido,RH,Bruno Reis,N2,2.8,48,Sim
INC-01923,2025-05-11 13:25,2025-05-11 16:13,Rede/Internet,Média,Resolvido,TI,Ana Souza,N1,2.8,24,Sim
INC-00966,2025-05-12 07:47,2025-05-12 08:05,Impressora,Baixa,Resolvido,Diretoria,Diego Alves,N2,0.3,48,Sim
INC-00493,2025-05-12 07:48,2025-05-12 08:00,Hardware,Crítica,Resolvido,Financeiro,Ana Souza,N1,0.2,4,Sim
INC-02128,2025-05-12 08:24,2025-05-13 08:48,Software,Baixa,Resolvido,RH,Carlos Lima,N1,24.4,48,Sim
INC-00234,2025-05-12 10:25,2025-05-12 11:43,Acesso/Senha,Crítica,Resolvido,Operações,Fernanda Cruz,N3,1.3,4,Sim
INC-01834,2025-05-12 10:56,2025-05-12 12:20,Email,Baixa,Resolvido,Financeiro,Bruno Reis,N2,1.4,48,Sim
INC-01200,2025-05-12 13:57,2025-05-12 15:33,Software,Baixa,Resolvido,Logística,Bruno Reis,N2,1.6,48,Sim
INC-02035,2025-05-13 07:44,2025-05-13 11:38,Acesso/Senha,Alta,Resolvido,TI,Ana Souza,N1,3.9,8,Sim
INC-00810,2025-05-13 08:51,2025-05-13 13:45,Hardware,Crítica,Resolvido,Comercial,Carlos Lima,N1,4.9,4,Não
INC-02220,2025-05-13 09:10,2025-05-13 11:46,Acesso/Senha,Média,Resolvido,RH,Carlos Lima,N1,2.6,24,Sim
INC-02449,2025-05-13 10:50,2025-05-16 11:14,Sistema Interno,Baixa,Resolvido,RH,Diego Alves,N2,72.4,48,Não
INC-01894,2025-05-13 11:21,2025-05-13 12:15,Software,Média,Resolvido,RH,Fernanda Cruz,N3,0.9,24,Sim
INC-00078,2025-05-14 07:50,2025-05-14 10:50,Rede/Internet,Alta,Resolvido,RH,Ana Souza,N1,3.0,8,Sim
INC-02016,2025-05-14 10:00,2025-05-14 10:18,Acesso/Senha,Média,Resolvido,Operações,Ana Souza,N1,0.3,24,Sim
INC-00366,2025-05-14 11:09,2025-05-17 06:21,Hardware,Baixa,Resolvido,Logística,Diego Alves,N2,67.2,48,Não
INC-01145,2025-05-15 07:57,2025-05-16 06:45,Hardware,Baixa,Resolvido,Financeiro,Diego Alves,N2,22.8,48,Sim
INC-00483,2025-05-15 09:51,2025-05-15 16:45,Rede/Internet,Baixa,Resolvido,Financeiro,Fernanda Cruz,N3,6.9,48,Sim
INC-00787,2025-05-15 10:54,2025-05-16 05:06,Rede/Internet,Média,Resolvido,RH,Bruno Reis,N2,18.2,24,Sim
INC-00943,2025-05-15 12:57,2025-05-15 17:21,Acesso/Senha,Média,Resolvido,Diretoria,Bruno Reis,N2,4.4,24,Sim
INC-02367,2025-05-16 07:01,2025-05-16 10:37,Acesso/Senha,Alta,Resolvido,Diretoria,Diego Alves,N2,3.6,8,Sim
INC-00643,2025-05-16 07:31,2025-05-16 16:13,Impressora,Média,Resolvido,Diretoria,Diego Alves,N2,8.7,24,Sim
INC-00683,2025-05-16 09:03,2025-05-16 09:15,Acesso/Senha,Média,Resolvido,Diretoria,Fernanda Cruz,N3,0.2,24,Sim
INC-00733,2025-05-16 09:37,2025-05-17 10:43,Hardware,Alta,Resolvido,Logística,Carlos Lima,N1,25.1,8,Não
INC-00973,2025-05-16 10:04,2025-05-16 14:10,Software,Média,Resolvido,Financeiro,Ana Souza,N1,4.1,24,Sim
INC-00175,2025-05-16 12:06,2025-05-16 19:24,Rede/Internet,Média,Resolvido,Logística,Carlos Lima,N1,7.3,24,Sim
INC-00298,2025-05-16 15:15,2025-05-16 15:27,Acesso/Senha,Alta,Resolvido,Comercial,Bruno Reis,N2,0.2,8,Sim
INC-02224,2025-05-17 10:35,2025-05-17 22:47,Rede/Internet,Crítica,Resolvido,RH,Ana Souza,N1,12.2,4,Não
INC-01501,2025-05-17 14:53,2025-05-17 16:53,Impressora,Média,Resolvido,Comercial,Fernanda Cruz,N3,2.0,24,Sim
INC-00471,2025-05-19 07:12,2025-05-19 11:48,Acesso/Senha,Baixa,Resolvido,TI,Carlos Lima,N1,4.6,48,Sim
INC-00199,2025-05-19 07:28,2025-05-19 11:22,Software,Baixa,Resolvido,TI,Diego Alves,N2,3.9,48,Sim
INC-00771,2025-05-19 07:29,2025-05-19 08:17,Acesso/Senha,Média,Resolvido,Financeiro,Carlos Lima,N1,0.8,24,Sim
INC-01067,2025-05-19 07:31,2025-05-19 12:37,Acesso/Senha,Baixa,Resolvido,Comercial,Diego Alves,N2,5.1,48,Sim
INC-01760,2025-05-19 08:33,2025-05-19 18:15,Hardware,Média,Resolvido,Diretoria,Diego Alves,N2,9.7,24,Sim
INC-00589,2025-05-19 09:25,2025-05-19 09:55,Email,Alta,Resolvido,Financeiro,Ana Souza,N1,0.5,8,Sim
INC-01847,2025-05-19 09:44,2025-05-19 11:56,Acesso/Senha,Média,Resolvido,Diretoria,Ana Souza,N1,2.2,24,Sim
INC-01964,2025-05-19 10:43,2025-05-19 23:37,Software,Baixa,Resolvido,TI,Fernanda Cruz,N3,12.9,48,Sim
INC-00742,2025-05-20 07:20,2025-05-21 04:08,Rede/Internet,Baixa,Resolvido,Financeiro,Carlos Lima,N1,20.8,48,Sim
INC-00057,2025-05-20 07:24,2025-05-21 07:54,Software,Baixa,Resolvido,Logística,Ana Souza,N1,24.5,48,Sim
INC-02179,2025-05-20 09:09,2025-05-20 15:27,Software,Baixa,Resolvido,Operações,Ana Souza,N1,6.3,48,Sim
INC-02080,2025-05-20 10:16,2025-05-20 15:34,Software,Crítica,Resolvido,TI,Diego Alves,N2,5.3,4,Não
INC-00903,2025-05-21 07:12,2025-05-21 10:00,Hardware,Baixa,Resolvido,Comercial,Fernanda Cruz,N3,2.8,48,Sim
INC-00549,2025-05-21 10:05,2025-05-21 18:47,Rede/Internet,Alta,Resolvido,Logística,Fernanda Cruz,N3,8.7,8,Não
INC-01643,2025-05-21 10:13,2025-05-21 10:25,Rede/Internet,Média,Resolvido,Operações,Carlos Lima,N1,0.2,24,Sim
INC-02349,2025-05-21 11:59,2025-05-21 12:11,Hardware,Alta,Resolvido,Diretoria,Carlos Lima,N1,0.2,8,Sim
INC-00337,2025-05-21 14:40,2025-05-23 19:40,Hardware,Baixa,Resolvido,Comercial,Bruno Reis,N2,53.0,48,Não
INC-01459,2025-05-22 07:32,2025-05-22 09:14,Acesso/Senha,Média,Resolvido,Operações,Fernanda Cruz,N3,1.7,24,Sim
INC-00280,2025-05-22 10:54,2025-05-23 12:24,Rede/Internet,Baixa,Resolvido,RH,Carlos Lima,N1,25.5,48,Sim
INC-00021,2025-05-22 12:25,2025-05-23 16:31,Sistema Interno,Baixa,Resolvido,Comercial,Bruno Reis,N2,28.1,48,Sim
INC-02295,2025-05-22 14:16,2025-05-22 14:52,Hardware,Alta,Resolvido,Logística,Carlos Lima,N1,0.6,8,Sim
INC-00449,2025-05-23 08:29,2025-05-24 04:23,Hardware,Baixa,Resolvido,Comercial,Fernanda Cruz,N3,19.9,48,Sim
INC-00239,2025-05-23 09:23,2025-05-24 16:29,Impressora,Baixa,Resolvido,Diretoria,Fernanda Cruz,N3,31.1,48,Sim
INC-00892,2025-05-23 19:21,2025-05-23 19:57,Software,Alta,Resolvido,Diretoria,Fernanda Cruz,N3,0.6,8,Sim
INC-00314,2025-05-24 11:28,2025-05-24 11:46,Acesso/Senha,Média,Resolvido,Financeiro,Ana Souza,N1,0.3,24,Sim
INC-01818,2025-05-24 12:20,2025-05-24 18:02,Software,Baixa,Resolvido,TI,Bruno Reis,N2,5.7,48,Sim
INC-00403,2025-05-26 07:18,2025-05-26 21:12,Email,Média,Resolvido,Logística,Carlos Lima,N1,13.9,24,Sim
INC-01254,2025-05-26 07:28,2025-05-26 15:22,Rede/Internet,Baixa,Resolvido,Diretoria,Carlos Lima,N1,7.9,48,Sim
INC-01107,2025-05-26 08:40,2025-05-26 16:04,Software,Baixa,Resolvido,TI,Ana Souza,N1,7.4,48,Sim
INC-02307,2025-05-26 09:08,2025-05-26 09:20,Software,Alta,Resolvido,Diretoria,Diego Alves,N2,0.2,8,Sim
INC-01987,2025-05-26 09:54,2025-05-26 22:06,Software,Alta,Resolvido,RH,Bruno Reis,N2,12.2,8,Não
INC-02313,2025-05-26 09:57,2025-05-26 10:15,Acesso/Senha,Alta,Resolvido,Comercial,Fernanda Cruz,N3,0.3,8,Sim
INC-02068,2025-05-26 09:57,2025-05-26 11:27,Acesso/Senha,Baixa,Resolvido,Financeiro,Bruno Reis,N2,1.5,48,Sim
INC-00617,2025-05-26 10:22,2025-05-26 11:22,Acesso/Senha,Alta,Resolvido,Logística,Carlos Lima,N1,1.0,8,Sim
INC-02488,2025-05-26 11:22,2025-05-26 11:46,Acesso/Senha,Média,Resolvido,Logística,Fernanda Cruz,N3,0.4,24,Sim
INC-02359,2025-05-26 11:22,2025-05-26 14:10,Acesso/Senha,Média,Resolvido,RH,Carlos Lima,N1,2.8,24,Sim
INC-02282,2025-05-26 11:37,2025-05-26 13:01,Software,Crítica,Resolvido,Comercial,Carlos Lima,N1,1.4,4,Sim
INC-02277,2025-05-26 11:41,2025-05-26 11:53,Acesso/Senha,Baixa,Resolvido,Financeiro,Fernanda Cruz,N3,0.2,48,Sim
INC-01899,2025-05-26 11:51,2025-05-26 15:39,Acesso/Senha,Baixa,Resolvido,Logística,Fernanda Cruz,N3,3.8,48,Sim
INC-00797,2025-05-26 13:48,2025-05-26 14:18,Hardware,Média,Resolvido,RH,Bruno Reis,N2,0.5,24,Sim
INC-01022,2025-05-26 15:06,2025-05-27 12:48,Software,Baixa,Resolvido,Diretoria,Fernanda Cruz,N3,21.7,48,Sim
INC-00215,2025-05-26 16:43,2025-05-27 11:19,Hardware,Baixa,Resolvido,RH,Diego Alves,N2,18.6,48,Sim
INC-01007,2025-05-27 13:14,2025-05-27 17:38,Rede/Internet,Baixa,Resolvido,RH,Bruno Reis,N2,4.4,48,Sim
INC-01197,2025-05-28 07:29,2025-05-29 06:47,Hardware,Alta,Resolvido,Comercial,Fernanda Cruz,N3,23.3,8,Não
INC-01542,2025-05-28 10:55,2025-05-28 18:13,Impressora,Média,Resolvido,Financeiro,Ana Souza,N1,7.3,24,Sim
INC-02285,2025-05-28 12:45,2025-05-28 12:57,Acesso/Senha,Baixa,Resolvido,Diretoria,Diego Alves,N2,0.2,48,Sim
INC-00176,2025-05-28 14:40,2025-05-28 17:16,Acesso/Senha,Média,Resolvido,Logística,Diego Alves,N2,2.6,24,Sim
INC-01040,2025-05-28 15:37,2025-05-28 17:13,Rede/Internet,Média,Resolvido,Logística,Diego Alves,N2,1.6,24,Sim
INC-00836,2025-05-29 10:30,2025-05-29 16:48,Software,Alta,Resolvido,Comercial,Fernanda Cruz,N3,6.3,8,Sim
INC-00730,2025-05-29 12:21,2025-05-29 19:39,Email,Baixa,Resolvido,Diretoria,Fernanda Cruz,N3,7.3,48,Sim
INC-01890,2025-05-29 13:40,2025-05-29 21:34,Rede/Internet,Alta,Resolvido,Logística,Diego Alves,N2,7.9,8,Sim
INC-01461,2025-05-29 15:11,2025-05-29 20:35,Software,Alta,Resolvido,Comercial,Bruno Reis,N2,5.4,8,Sim
INC-01020,2025-05-30 08:22,2025-05-30 10:04,Software,Média,Resolvido,RH,Fernanda Cruz,N3,1.7,24,Sim
INC-00736,2025-05-30 12:34,2025-05-31 00:52,Software,Baixa,Resolvido,TI,Bruno Reis,N2,12.3,48,Sim
INC-01281,2025-05-30 14:02,2025-05-30 14:50,Acesso/Senha,Baixa,Resolvido,Financeiro,Ana Souza,N1,0.8,48,Sim
INC-02318,2025-05-31 13:47,2025-05-31 14:17,Software,Média,Resolvido,Diretoria,Bruno Reis,N2,0.5,24,Sim
INC-02078,2025-06-01 13:22,2025-06-01 14:22,Acesso/Senha,Baixa,Resolvido,Diretoria,Diego Alves,N2,1.0,48,Sim
INC-00177,2025-06-02 07:45,2025-06-03 09:57,Hardware,Baixa,Resolvido,Operações,Bruno Reis,N2,26.2,48,Sim
INC-02415,2025-06-02 08:51,2025-06-02 22:33,Software,Baixa,Resolvido,Financeiro,Diego Alves,N2,13.7,48,Sim
INC-01753,2025-06-02 10:33,2025-06-02 12:03,Email,Baixa,Resolvido,RH,Diego Alves,N2,1.5,48,Sim
INC-01414,2025-06-02 12:29,2025-06-02 14:23,Acesso/Senha,Baixa,Resolvido,Financeiro,Fernanda Cruz,N3,1.9,48,Sim
INC-00567,2025-06-02 12:40,2025-06-02 14:46,Acesso/Senha,Baixa,Resolvido,TI,Carlos Lima,N1,2.1,48,Sim
INC-01988,2025-06-02 13:46,2025-06-03 18:28,Hardware,Baixa,Resolvido,Diretoria,Carlos Lima,N1,28.7,48,Sim
INC-02317,2025-06-02 19:12,2025-06-03 01:30,Rede/Internet,Média,Resolvido,Logística,Ana Souza,N1,6.3,24,Sim
INC-01112,2025-06-03 07:46,2025-06-03 09:10,Hardware,Média,Resolvido,Diretoria,Diego Alves,N2,1.4,24,Sim
INC-00935,2025-06-03 10:40,2025-06-03 11:16,Acesso/Senha,Alta,Resolvido,Logística,Fernanda Cruz,N3,0.6,8,Sim
INC-00912,2025-06-03 11:38,2025-06-05 13:08,Hardware,Baixa,Resolvido,Diretoria,Fernanda Cruz,N3,49.5,48,Não
INC-02122,2025-06-03 14:00,2025-06-03 15:00,Acesso/Senha,Alta,Resolvido,Operações,Diego Alves,N2,1.0,8,Sim
INC-01825,2025-06-04 07:51,2025-06-04 17:15,Software,Baixa,Resolvido,Operações,Bruno Reis,N2,9.4,48,Sim
INC-02336,2025-06-04 08:57,2025-06-04 09:39,Acesso/Senha,Média,Resolvido,TI,Diego Alves,N2,0.7,24,Sim
INC-02276,2025-06-04 16:47,2025-06-05 05:35,Software,Média,Resolvido,Comercial,Fernanda Cruz,N3,12.8,24,Sim
INC-02402,2025-06-04 17:09,2025-06-04 23:51,Impressora,Média,Resolvido,Logística,Carlos Lima,N1,6.7,24,Sim
INC-01686,2025-06-05 10:02,2025-06-05 12:02,Rede/Internet,Crítica,Resolvido,Financeiro,Carlos Lima,N1,2.0,4,Sim
INC-02228,2025-06-05 13:09,2025-06-05 13:51,Acesso/Senha,Baixa,Resolvido,Operações,Fernanda Cruz,N3,0.7,48,Sim
INC-01152,2025-06-06 09:18,2025-06-06 10:18,Software,Baixa,Resolvido,Comercial,Fernanda Cruz,N3,1.0,48,Sim
INC-01183,2025-06-07 11:05,2025-06-07 15:35,Email,Baixa,Resolvido,Comercial,Bruno Reis,N2,4.5,48,Sim
INC-01191,2025-06-07 11:14,2025-06-07 15:50,Rede/Internet,Baixa,Resolvido,RH,Fernanda Cruz,N3,4.6,48,Sim
INC-01120,2025-06-08 15:37,2025-06-08 17:07,Email,Média,Resolvido,Logística,Diego Alves,N2,1.5,24,Sim
INC-00362,2025-06-09 08:35,2025-06-09 18:11,Email,Baixa,Resolvido,Logística,Ana Souza,N1,9.6,48,Sim
INC-00525,2025-06-09 09:10,2025-06-09 09:34,Email,Crítica,Resolvido,TI,Ana Souza,N1,0.4,4,Sim
INC-01044,2025-06-09 09:18,2025-06-09 09:30,Acesso/Senha,Média,Resolvido,TI,Bruno Reis,N2,0.2,24,Sim
INC-01176,2025-06-09 09:54,2025-06-09 11:30,Acesso/Senha,Média,Resolvido,Diretoria,Diego Alves,N2,1.6,24,Sim
INC-02217,2025-06-09 12:27,2025-06-09 14:57,Acesso/Senha,Baixa,Resolvido,RH,Fernanda Cruz,N3,2.5,48,Sim
INC-01884,2025-06-09 16:56,2025-06-09 21:32,Impressora,Alta,Resolvido,Operações,Ana Souza,N1,4.6,8,Sim
INC-00804,2025-06-10 08:37,2025-06-10 11:37,Hardware,Alta,Resolvido,Diretoria,Ana Souza,N1,3.0,8,Sim
INC-02069,2025-06-10 13:54,2025-06-10 16:06,Acesso/Senha,Baixa,Resolvido,TI,Diego Alves,N2,2.2,48,Sim
INC-01692,2025-06-11 08:14,2025-06-11 19:56,Hardware,Baixa,Resolvido,Logística,Ana Souza,N1,11.7,48,Sim
INC-00375,2025-06-11 11:21,2025-06-11 16:45,Email,Média,Resolvido,Diretoria,Diego Alves,N2,5.4,24,Sim
INC-00781,2025-06-11 12:02,2025-06-13 19:02,Hardware,Baixa,Resolvido,Comercial,Bruno Reis,N2,55.0,48,Não
INC-00357,2025-06-11 12:52,2025-06-11 13:04,Hardware,Alta,Resolvido,TI,Fernanda Cruz,N3,0.2,8,Sim
INC-00081,2025-06-12 09:18,2025-06-12 11:06,Email,Baixa,Resolvido,TI,Fernanda Cruz,N3,1.8,48,Sim
INC-00921,2025-06-12 10:46,2025-06-12 11:46,Acesso/Senha,Média,Resolvido,Logística,Fernanda Cruz,N3,1.0,24,Sim
INC-01153,2025-06-12 12:51,2025-06-13 00:33,Hardware,Baixa,Resolvido,Financeiro,Carlos Lima,N1,11.7,48,Sim
INC-02012,2025-06-13 09:09,2025-06-13 09:27,Acesso/Senha,Alta,Resolvido,Logística,Diego Alves,N2,0.3,8,Sim
INC-00795,2025-06-13 09:12,2025-06-13 09:24,Email,Alta,Resolvido,Financeiro,Diego Alves,N2,0.2,8,Sim
INC-00136,2025-06-13 12:31,2025-06-13 13:31,Rede/Internet,Alta,Resolvido,TI,Fernanda Cruz,N3,1.0,8,Sim
INC-00487,2025-06-13 15:52,2025-06-13 18:04,Acesso/Senha,Baixa,Resolvido,Financeiro,Diego Alves,N2,2.2,48,Sim
INC-00741,2025-06-14 09:45,2025-06-14 13:51,Impressora,Baixa,Resolvido,Comercial,Fernanda Cruz,N3,4.1,48,Sim
INC-00830,2025-06-15 07:33,2025-06-15 11:45,Hardware,Alta,Resolvido,Comercial,Bruno Reis,N2,4.2,8,Sim
INC-00825,2025-06-15 10:21,2025-06-15 11:51,Acesso/Senha,Crítica,Resolvido,Operações,Carlos Lima,N1,1.5,4,Sim
INC-00574,2025-06-16 07:36,2025-06-16 08:54,Email,Média,Resolvido,Operações,Fernanda Cruz,N3,1.3,24,Sim
INC-02420,2025-06-16 07:51,2025-06-16 09:27,Acesso/Senha,Baixa,Resolvido,Operações,Fernanda Cruz,N3,1.6,48,Sim
INC-00416,2025-06-16 08:47,2025-06-16 12:17,Hardware,Alta,Resolvido,Comercial,Diego Alves,N2,3.5,8,Sim
INC-01299,2025-06-16 09:22,2025-06-16 22:22,Acesso/Senha,Baixa,Resolvido,Operações,Bruno Reis,N2,13.0,48,Sim
INC-01336,2025-06-16 10:01,2025-06-16 14:25,Software,Média,Resolvido,Financeiro,Bruno Reis,N2,4.4,24,Sim
INC-02398,2025-06-16 11:18,2025-06-16 17:18,Acesso/Senha,Média,Resolvido,Financeiro,Diego Alves,N2,6.0,24,Sim
INC-00625,2025-06-16 11:29,2025-06-16 12:53,Software,Crítica,Resolvido,Comercial,Diego Alves,N2,1.4,4,Sim
INC-01164,2025-06-16 12:10,2025-06-17 01:22,Software,Baixa,Resolvido,TI,Fernanda Cruz,N3,13.2,48,Sim
INC-01428,2025-06-16 12:56,2025-06-16 15:50,Acesso/Senha,Baixa,Resolvido,RH,Carlos Lima,N1,2.9,48,Sim
INC-02138,2025-06-16 13:29,2025-06-16 16:59,Software,Baixa,Resolvido,Diretoria,Diego Alves,N2,3.5,48,Sim
INC-00748,2025-06-16 14:23,2025-06-16 18:53,Hardware,Média,Resolvido,Diretoria,Ana Souza,N1,4.5,24,Sim
INC-00541,2025-06-16 14:48,2025-06-16 15:00,Impressora,Alta,Resolvido,TI,Diego Alves,N2,0.2,8,Sim
INC-01206,2025-06-16 15:55,2025-06-18 02:25,Rede/Internet,Baixa,Resolvido,Logística,Ana Souza,N1,34.5,48,Sim
INC-00025,2025-06-17 08:30,2025-06-17 13:00,Email,Baixa,Resolvido,Financeiro,Carlos Lima,N1,4.5,48,Sim
INC-02354,2025-06-17 10:23,2025-06-17 15:29,Software,Crítica,Resolvido,Diretoria,Ana Souza,N1,5.1,4,Não
INC-01288,2025-06-17 12:03,2025-06-17 17:03,Hardware,Baixa,Resolvido,Operações,Fernanda Cruz,N3,5.0,48,Sim
INC-01447,2025-06-17 12:09,2025-06-17 12:21,Acesso/Senha,Alta,Resolvido,Operações,Diego Alves,N2,0.2,8,Sim
INC-01508,2025-06-17 14:26,2025-06-17 19:08,Hardware,Alta,Resolvido,Diretoria,Fernanda Cruz,N3,4.7,8,Sim
INC-00355,2025-06-18 07:23,2025-06-18 16:47,Impressora,Baixa,Resolvido,Operações,Diego Alves,N2,9.4,48,Sim
INC-02373,2025-06-18 09:40,2025-06-18 11:28,Impressora,Alta,Resolvido,Financeiro,Bruno Reis,N2,1.8,8,Sim
INC-00930,2025-06-18 10:13,2025-06-18 12:43,Software,Média,Resolvido,RH,Carlos Lima,N1,2.5,24,Sim
INC-01905,2025-06-18 11:47,2025-06-19 01:47,Software,Média,Resolvido,Comercial,Ana Souza,N1,14.0,24,Sim
INC-01975,2025-06-18 13:32,2025-06-18 16:14,Email,Baixa,Resolvido,Financeiro,Ana Souza,N1,2.7,48,Sim
INC-02434,2025-06-19 08:06,2025-06-19 09:42,Rede/Internet,Baixa,Resolvido,Logística,Carlos Lima,N1,1.6,48,Sim
INC-01522,2025-06-19 08:28,2025-06-20 00:58,Sistema Interno,Baixa,Resolvido,Operações,Fernanda Cruz,N3,16.5,48,Sim
INC-02030,2025-06-19 10:03,2025-06-19 12:21,Rede/Internet,Alta,Resolvido,Logística,Diego Alves,N2,2.3,8,Sim
INC-00511,2025-06-19 10:33,2025-06-19 11:33,Acesso/Senha,Média,Resolvido,RH,Bruno Reis,N2,1.0,24,Sim
INC-00570,2025-06-19 11:31,2025-06-19 14:01,Impressora,Baixa,Resolvido,Logística,Bruno Reis,N2,2.5,48,Sim
INC-02455,2025-06-19 11:34,2025-06-20 16:04,Hardware,Baixa,Resolvido,Logística,Ana Souza,N1,28.5,48,Sim
INC-00145,2025-06-19 13:45,2025-06-20 06:03,Software,Alta,Resolvido,Operações,Diego Alves,N2,16.3,8,Não
INC-00163,2025-06-20 07:16,2025-06-21 16:22,Sistema Interno,Baixa,Resolvido,Comercial,Fernanda Cruz,N3,33.1,48,Sim
INC-01636,2025-06-20 08:28,2025-06-20 10:52,Email,Média,Resolvido,Financeiro,Ana Souza,N1,2.4,24,Sim
INC-02392,2025-06-20 09:28,2025-06-20 10:40,Rede/Internet,Alta,Resolvido,TI,Diego Alves,N2,1.2,8,Sim
INC-00762,2025-06-20 10:03,2025-06-21 00:33,Software,Baixa,Resolvido,TI,Bruno Reis,N2,14.5,48,Sim
INC-01991,2025-06-20 12:28,2025-06-20 19:16,Sistema Interno,Média,Resolvido,RH,Fernanda Cruz,N3,6.8,24,Sim
INC-02426,2025-06-20 12:44,2025-06-20 14:50,Acesso/Senha,Média,Resolvido,Logística,Carlos Lima,N1,2.1,24,Sim
INC-01123,2025-06-22 09:03,2025-06-22 10:39,Impressora,Média,Resolvido,TI,Ana Souza,N1,1.6,24,Sim
INC-02050,2025-06-23 07:38,2025-06-24 02:56,Sistema Interno,Média,Resolvido,Diretoria,Ana Souza,N1,19.3,24,Sim
INC-02485,2025-06-23 08:09,2025-06-24 03:09,Rede/Internet,Baixa,Resolvido,Diretoria,Fernanda Cruz,N3,19.0,48,Sim
INC-01469,2025-06-23 09:03,2025-06-23 11:39,Software,Baixa,Resolvido,Diretoria,Diego Alves,N2,2.6,48,Sim
INC-02279,2025-06-23 09:15,2025-06-23 09:39,Acesso/Senha,Baixa,Resolvido,RH,Ana Souza,N1,0.4,48,Sim
INC-02059,2025-06-23 09:24,2025-06-23 09:36,Hardware,Alta,Resolvido,Comercial,Bruno Reis,N2,0.2,8,Sim
INC-01701,2025-06-23 13:07,2025-06-23 16:55,Acesso/Senha,Média,Resolvido,Operações,Fernanda Cruz,N3,3.8,24,Sim
INC-00345,2025-06-23 13:23,2025-06-23 14:53,Hardware,Média,Resolvido,Logística,Bruno Reis,N2,1.5,24,Sim
INC-01077,2025-06-23 15:16,2025-06-23 16:16,Acesso/Senha,Baixa,Resolvido,Operações,Carlos Lima,N1,1.0,48,Sim
INC-01762,2025-06-24 11:00,2025-06-25 04:36,Hardware,Baixa,Resolvido,Comercial,Diego Alves,N2,17.6,48,Sim
INC-01257,2025-06-24 14:46,2025-06-24 17:34,Rede/Internet,Baixa,Resolvido,TI,Fernanda Cruz,N3,2.8,48,Sim
INC-00254,2025-06-25 08:47,2025-06-25 08:59,Email,Média,Resolvido,RH,Carlos Lima,N1,0.2,24,Sim
INC-01708,2025-06-25 09:47,2025-06-26 01:29,Email,Média,Resolvido,Logística,Ana Souza,N1,15.7,24,Sim
INC-00191,2025-06-25 09:58,2025-06-25 10:46,Acesso/Senha,Crítica,Resolvido,Logística,Ana Souza,N1,0.8,4,Sim
INC-00159,2025-06-25 10:16,2025-06-25 15:22,Rede/Internet,Média,Resolvido,Comercial,Carlos Lima,N1,5.1,24,Sim
INC-01004,2025-06-25 11:22,2025-06-25 13:40,Acesso/Senha,Média,Resolvido,Diretoria,Carlos Lima,N1,2.3,24,Sim
INC-01280,2025-06-25 15:53,2025-06-26 13:17,Rede/Internet,Média,Resolvido,Diretoria,Diego Alves,N2,21.4,24,Sim
INC-00436,2025-06-25 15:59,2025-06-25 21:59,Impressora,Média,Resolvido,Diretoria,Ana Souza,N1,6.0,24,Sim
INC-01199,2025-06-26 07:27,2025-06-26 09:45,Software,Média,Resolvido,Comercial,Fernanda Cruz,N3,2.3,24,Sim
INC-01977,2025-06-26 10:06,2025-06-27 10:36,Hardware,Média,Resolvido,Operações,Bruno Reis,N2,24.5,24,Não
INC-01878,2025-06-26 12:44,2025-06-26 17:20,Software,Média,Resolvido,Diretoria,Ana Souza,N1,4.6,24,Sim
INC-00841,2025-06-26 13:06,2025-06-26 21:12,Software,Média,Resolvido,Logística,Fernanda Cruz,N3,8.1,24,Sim
INC-00922,2025-06-26 13:55,2025-06-26 14:07,Hardware,Média,Resolvido,TI,Diego Alves,N2,0.2,24,Sim
INC-02074,2025-06-27 07:28,2025-06-27 13:22,Acesso/Senha,Baixa,Resolvido,Financeiro,Bruno Reis,N2,5.9,48,Sim
INC-00758,2025-06-27 07:45,2025-06-27 09:15,Software,Média,Resolvido,Logística,Carlos Lima,N1,1.5,24,Sim
INC-00507,2025-06-27 07:46,2025-06-27 17:34,Software,Baixa,Resolvido,Diretoria,Carlos Lima,N1,9.8,48,Sim
INC-01680,2025-06-27 09:33,2025-06-28 11:51,Hardware,Baixa,Resolvido,Logística,Fernanda Cruz,N3,26.3,48,Sim
INC-01902,2025-06-27 12:44,2025-06-27 13:20,Impressora,Crítica,Resolvido,Financeiro,Fernanda Cruz,N3,0.6,4,Sim
INC-01844,2025-06-27 14:37,2025-06-27 18:43,Hardware,Baixa,Resolvido,RH,Diego Alves,N2,4.1,48,Sim
INC-01877,2025-06-27 19:42,2025-06-28 02:24,Email,Média,Resolvido,Logística,Bruno Reis,N2,6.7,24,Sim
INC-01740,2025-06-28 11:30,2025-06-28 11:42,Impressora,Média,Resolvido,RH,Ana Souza,N1,0.2,24,Sim
INC-00953,2025-06-29 10:14,2025-06-29 12:32,Acesso/Senha,Alta,Resolvido,Comercial,Ana Souza,N1,2.3,8,Sim
INC-02296,2025-06-30 11:40,2025-06-30 12:52,Acesso/Senha,Alta,Resolvido,Diretoria,Fernanda Cruz,N3,1.2,8,Sim
INC-02444,2025-06-30 15:58,2025-06-30 19:10,Software,Crítica,Resolvido,Logística,Ana Souza,N1,3.2,4,Sim
INC-02119,2025-06-30 16:17,2025-06-30 21:53,Rede/Internet,Baixa,Resolvido,TI,Fernanda Cruz,N3,5.6,48,Sim
INC-00534,2025-07-01 07:12,2025-07-01 07:30,Acesso/Senha,Crítica,Resolvido,Operações,Diego Alves,N2,0.3,4,Sim
INC-02041,2025-07-01 10:22,2025-07-01 18:40,Rede/Internet,Média,Resolvido,RH,Carlos Lima,N1,8.3,24,Sim
INC-01799,2025-07-01 11:12,2025-07-01 14:48,Email,Baixa,Resolvido,Logística,Fernanda Cruz,N3,3.6,48,Sim
INC-00837,2025-07-01 12:47,2025-07-01 18:53,Software,Crítica,Resolvido,Logística,Fernanda Cruz,N3,6.1,4,Não
INC-02011,2025-07-01 12:50,2025-07-01 14:20,Acesso/Senha,Baixa,Resolvido,Logística,Diego Alves,N2,1.5,48,Sim
INC-02160,2025-07-01 13:13,2025-07-01 14:49,Email,Alta,Resolvido,Logística,Bruno Reis,N2,1.6,8,Sim
INC-00080,2025-07-01 14:03,2025-07-01 20:27,Acesso/Senha,Baixa,Resolvido,Comercial,Bruno Reis,N2,6.4,48,Sim
INC-01370,2025-07-01 14:25,2025-07-01 15:55,Acesso/Senha,Média,Resolvido,Operações,Bruno Reis,N2,1.5,24,Sim
INC-00451,2025-07-02 07:00,2025-07-02 11:30,Software,Baixa,Resolvido,Logística,Bruno Reis,N2,4.5,48,Sim
INC-02478,2025-07-02 07:59,2025-07-02 09:29,Software,Baixa,Resolvido,RH,Carlos Lima,N1,1.5,48,Sim
INC-02249,2025-07-02 11:05,2025-07-02 13:29,Impressora,Baixa,Resolvido,Financeiro,Bruno Reis,N2,2.4,48,Sim
INC-01559,2025-07-03 09:48,2025-07-04 06:48,Hardware,Média,Resolvido,Comercial,Diego Alves,N2,21.0,24,Sim
INC-02097,2025-07-03 10:51,2025-07-03 14:39,Acesso/Senha,Média,Resolvido,Diretoria,Ana Souza,N1,3.8,24,Sim
INC-02490,2025-07-03 11:20,2025-07-03 11:44,Acesso/Senha,Média,Resolvido,TI,Fernanda Cruz,N3,0.4,24,Sim
INC-01869,2025-07-03 11:37,2025-07-03 12:25,Acesso/Senha,Baixa,Resolvido,Financeiro,Fernanda Cruz,N3,0.8,48,Sim
INC-00798,2025-07-03 12:22,2025-07-03 12:34,Email,Média,Resolvido,Financeiro,Fernanda Cruz,N3,0.2,24,Sim
INC-01600,2025-07-04 09:32,2025-07-04 19:26,Email,Baixa,Resolvido,RH,Ana Souza,N1,9.9,48,Sim
INC-00465,2025-07-04 11:54,2025-07-04 13:06,Impressora,Média,Resolvido,Comercial,Fernanda Cruz,N3,1.2,24,Sim
INC-02261,2025-07-04 12:09,2025-07-04 12:51,Acesso/Senha,Média,Resolvido,Comercial,Carlos Lima,N1,0.7,24,Sim
INC-01179,2025-07-04 12:52,2025-07-04 14:46,Software,Baixa,Resolvido,Operações,Fernanda Cruz,N3,1.9,48,Sim
INC-00302,2025-07-04 15:03,2025-07-04 18:03,Rede/Internet,Baixa,Resolvido,Diretoria,Diego Alves,N2,3.0,48,Sim
INC-01641,2025-07-06 10:37,2025-07-06 11:07,Acesso/Senha,Alta,Resolvido,Financeiro,Fernanda Cruz,N3,0.5,8,Sim
INC-01973,2025-07-07 07:28,2025-07-07 07:40,Acesso/Senha,Alta,Resolvido,Financeiro,Diego Alves,N2,0.2,8,Sim
INC-01037,2025-07-07 07:34,2025-07-07 10:10,Software,Baixa,Resolvido,Logística,Fernanda Cruz,N3,2.6,48,Sim
INC-00319,2025-07-07 07:36,2025-07-07 23:42,Rede/Internet,Baixa,Resolvido,Comercial,Diego Alves,N2,16.1,48,Sim
INC-01263,2025-07-07 07:50,2025-07-07 13:44,Hardware,Média,Resolvido,Comercial,Bruno Reis,N2,5.9,24,Sim
INC-00174,2025-07-07 08:05,2025-07-07 10:11,Software,Média,Resolvido,RH,Diego Alves,N2,2.1,24,Sim
INC-00011,2025-07-07 08:06,2025-07-07 08:24,Email,Média,Resolvido,Comercial,Fernanda Cruz,N3,0.3,24,Sim
INC-02233,2025-07-07 08:33,2025-07-07 08:51,Acesso/Senha,Baixa,Resolvido,Diretoria,Carlos Lima,N1,0.3,48,Sim
INC-01494,2025-07-07 09:01,2025-07-07 15:43,Hardware,Alta,Resolvido,RH,Bruno Reis,N2,6.7,8,Sim
INC-00820,2025-07-07 09:38,2025-07-07 09:56,Acesso/Senha,Média,Resolvido,RH,Diego Alves,N2,0.3,24,Sim
INC-01768,2025-07-07 09:39,2025-07-11 07:09,Sistema Interno,Baixa,Resolvido,TI,Fernanda Cruz,N3,93.5,48,Não
INC-01151,2025-07-07 10:13,2025-07-08 19:01,Hardware,Baixa,Resolvido,Diretoria,Carlos Lima,N1,32.8,48,Sim
INC-01403,2025-07-07 10:28,2025-07-07 14:22,Acesso/Senha,Baixa,Resolvido,Comercial,Diego Alves,N2,3.9,48,Sim
INC-02417,2025-07-07 10:30,2025-07-07 11:00,Impressora,Média,Resolvido,Financeiro,Ana Souza,N1,0.5,24,Sim
INC-00193,2025-07-07 11:31,2025-07-07 11:43,Acesso/Senha,Crítica,Resolvido,Logística,Ana Souza,N1,0.2,4,Sim
INC-01404,2025-07-07 11:39,2025-07-09 00:39,Hardware,Média,Resolvido,Financeiro,Ana Souza,N1,37.0,24,Não
INC-02062,2025-07-07 11:40,2025-07-07 12:10,Software,Média,Resolvido,Logística,Carlos Lima,N1,0.5,24,Sim
INC-02039,2025-07-07 11:52,2025-07-07 14:04,Email,Média,Resolvido,Financeiro,Diego Alves,N2,2.2,24,Sim
INC-01419,2025-07-07 12:53,2025-07-07 13:35,Hardware,Alta,Resolvido,Diretoria,Carlos Lima,N1,0.7,8,Sim
INC-00658,2025-07-07 13:33,2025-07-07 18:03,Rede/Internet,Média,Resolvido,RH,Carlos Lima,N1,4.5,24,Sim
INC-01214,2025-07-07 14:17,2025-07-07 16:53,Software,Baixa,Resolvido,Comercial,Ana Souza,N1,2.6,48,Sim
INC-00486,2025-07-07 15:42,2025-07-07 16:54,Acesso/Senha,Baixa,Resolvido,Operações,Bruno Reis,N2,1.2,48,Sim
INC-01156,2025-07-08 08:52,2025-07-08 15:46,Rede/Internet,Baixa,Resolvido,TI,Fernanda Cruz,N3,6.9,48,Sim
INC-02327,2025-07-08 15:51,2025-07-09 10:27,Hardware,Baixa,Resolvido,Financeiro,Bruno Reis,N2,18.6,48,Sim
INC-01472,2025-07-09 10:33,2025-07-09 13:03,Hardware,Alta,Resolvido,Financeiro,Ana Souza,N1,2.5,8,Sim
INC-02201,2025-07-09 10:45,2025-07-09 20:21,Hardware,Baixa,Resolvido,Comercial,Carlos Lima,N1,9.6,48,Sim
INC-02376,2025-07-09 11:35,2025-07-09 14:17,Acesso/Senha,Baixa,Resolvido,Operações,Carlos Lima,N1,2.7,48,Sim
INC-00286,2025-07-09 12:43,2025-07-10 00:07,Sistema Interno,Alta,Resolvido,Diretoria,Ana Souza,N1,11.4,8,Não
INC-00024,2025-07-09 13:18,2025-07-11 12:42,Hardware,Baixa,Resolvido,Financeiro,Carlos Lima,N1,47.4,48,Sim
INC-00717,2025-07-09 15:14,2025-07-09 15:56,Software,Crítica,Resolvido,Logística,Ana Souza,N1,0.7,4,Sim
INC-00864,2025-07-10 13:26,2025-07-10 16:14,Software,Baixa,Resolvido,Diretoria,Carlos Lima,N1,2.8,48,Sim
INC-02339,2025-07-11 09:33,2025-07-12 08:21,Hardware,Baixa,Resolvido,Diretoria,Diego Alves,N2,22.8,48,Sim
INC-00727,2025-07-11 09:44,2025-07-11 11:26,Software,Baixa,Resolvido,Financeiro,Diego Alves,N2,1.7,48,Sim
INC-01965,2025-07-12 12:13,2025-07-12 13:13,Acesso/Senha,Média,Resolvido,Operações,Bruno Reis,N2,1.0,24,Sim
INC-01653,2025-07-13 07:25,2025-07-13 09:19,Software,Média,Resolvido,Financeiro,Diego Alves,N2,1.9,24,Sim
INC-02100,2025-07-13 08:02,2025-07-13 09:50,Sistema Interno,Crítica,Resolvido,TI,Carlos Lima,N1,1.8,4,Sim
INC-01453,2025-07-13 11:26,2025-07-14 15:50,Software,Baixa,Resolvido,RH,Carlos Lima,N1,28.4,48,Sim
INC-02372,2025-07-13 12:39,2025-07-13 14:03,Email,Média,Resolvido,Diretoria,Bruno Reis,N2,1.4,24,Sim
INC-02332,2025-07-13 12:56,2025-07-13 19:14,Software,Baixa,Resolvido,Financeiro,Bruno Reis,N2,6.3,48,Sim
INC-01143,2025-07-13 13:38,2025-07-14 02:32,Software,Média,Resolvido,Operações,Ana Souza,N1,12.9,24,Sim
INC-00310,2025-07-14 07:04,2025-07-14 07:16,Acesso/Senha,Média,Resolvido,Logística,Fernanda Cruz,N3,0.2,24,Sim
INC-02133,2025-07-14 07:21,2025-07-14 08:09,Hardware,Média,Resolvido,RH,Fernanda Cruz,N3,0.8,24,Sim
INC-00474,2025-07-14 07:33,2025-07-14 12:39,Software,Média,Resolvido,Operações,Bruno Reis,N2,5.1,24,Sim
INC-01836,2025-07-14 07:40,2025-07-14 12:40,Rede/Internet,Baixa,Resolvido,Financeiro,Bruno Reis,N2,5.0,48,Sim
INC-00205,2025-07-14 07:43,2025-07-14 10:13,Acesso/Senha,Média,Resolvido,RH,Ana Souza,N1,2.5,24,Sim
INC-01195,2025-07-14 08:00,2025-07-14 11:42,Hardware,Média,Resolvido,Diretoria,Carlos Lima,N1,3.7,24,Sim
INC-01928,2025-07-14 09:13,2025-07-14 09:31,Impressora,Baixa,Resolvido,Comercial,Diego Alves,N2,0.3,48,Sim
INC-01060,2025-07-14 09:22,2025-07-15 01:04,Hardware,Média,Resolvido,Logística,Carlos Lima,N1,15.7,24,Sim
INC-02251,2025-07-14 10:11,2025-07-14 19:05,Rede/Internet,Baixa,Resolvido,RH,Diego Alves,N2,8.9,48,Sim
INC-01603,2025-07-14 12:55,2025-07-14 17:01,Software,Média,Resolvido,Financeiro,Carlos Lima,N1,4.1,24,Sim
INC-00721,2025-07-14 13:08,2025-07-14 14:32,Acesso/Senha,Baixa,Resolvido,Comercial,Diego Alves,N2,1.4,48,Sim
INC-01249,2025-07-15 07:41,2025-07-15 11:59,Software,Crítica,Resolvido,RH,Fernanda Cruz,N3,4.3,4,Não
INC-00618,2025-07-15 10:40,2025-07-16 05:34,Hardware,Média,Resolvido,Operações,Bruno Reis,N2,18.9,24,Sim
INC-00346,2025-07-15 12:11,2025-07-15 13:23,Software,Baixa,Resolvido,Logística,Carlos Lima,N1,1.2,48,Sim
INC-00940,2025-07-15 12:55,2025-07-15 13:19,Impressora,Média,Resolvido,Comercial,Diego Alves,N2,0.4,24,Sim
INC-01667,2025-07-16 07:19,2025-07-17 05:31,Hardware,Baixa,Resolvido,RH,Bruno Reis,N2,22.2,48,Sim
INC-02382,2025-07-16 08:15,2025-07-16 08:33,Hardware,Baixa,Resolvido,Diretoria,Fernanda Cruz,N3,0.3,48,Sim
INC-00013,2025-07-16 08:26,2025-07-16 08:38,Software,Média,Resolvido,Comercial,Fernanda Cruz,N3,0.2,24,Sim
INC-01171,2025-07-16 09:42,2025-07-16 12:54,Hardware,Baixa,Resolvido,TI,Carlos Lima,N1,3.2,48,Sim
INC-00988,2025-07-16 12:41,2025-07-16 15:17,Software,Média,Resolvido,RH,Bruno Reis,N2,2.6,24,Sim
INC-01938,2025-07-17 07:22,2025-07-17 07:52,Hardware,Média,Resolvido,Operações,Bruno Reis,N2,0.5,24,Sim
INC-02192,2025-07-17 07:29,2025-07-17 19:17,Sistema Interno,Média,Resolvido,Logística,Fernanda Cruz,N3,11.8,24,Sim
INC-01163,2025-07-17 09:27,2025-07-18 13:21,Rede/Internet,Baixa,Resolvido,Operações,Fernanda Cruz,N3,27.9,48,Sim
INC-01590,2025-07-17 09:38,2025-07-17 10:56,Rede/Internet,Alta,Resolvido,Comercial,Carlos Lima,N1,1.3,8,Sim
INC-00813,2025-07-17 11:59,2025-07-17 21:11,Impressora,Baixa,Resolvido,Operações,Fernanda Cruz,N3,9.2,48,Sim
INC-00258,2025-07-17 14:36,2025-07-17 19:30,Software,Média,Resolvido,TI,Carlos Lima,N1,4.9,24,Sim
INC-01761,2025-07-17 15:39,2025-07-18 04:03,Acesso/Senha,Baixa,Resolvido,Operações,Diego Alves,N2,12.4,48,Sim
INC-01855,2025-07-18 07:20,2025-07-18 07:56,Email,Média,Resolvido,TI,Ana Souza,N1,0.6,24,Sim
INC-01741,2025-07-18 07:47,2025-07-18 09:47,Acesso/Senha,Baixa,Resolvido,Logística,Bruno Reis,N2,2.0,48,Sim
INC-01239,2025-07-18 08:33,2025-07-20 00:39,Rede/Internet,Baixa,Resolvido,Logística,Fernanda Cruz,N3,40.1,48,Sim
INC-01731,2025-07-18 08:53,2025-07-18 11:41,Rede/Internet,Média,Resolvido,TI,Diego Alves,N2,2.8,24,Sim
INC-01484,2025-07-18 10:50,2025-07-18 19:26,Acesso/Senha,Baixa,Resolvido,Logística,Diego Alves,N2,8.6,48,Sim
INC-00889,2025-07-18 11:22,2025-07-18 13:04,Acesso/Senha,Baixa,Resolvido,TI,Ana Souza,N1,1.7,48,Sim
INC-02175,2025-07-18 11:47,2025-07-18 20:35,Rede/Internet,Média,Resolvido,Financeiro,Ana Souza,N1,8.8,24,Sim
INC-02114,2025-07-18 16:50,2025-07-18 23:44,Hardware,Baixa,Resolvido,Financeiro,Diego Alves,N2,6.9,48,Sim
INC-01429,2025-07-19 08:44,2025-07-20 07:20,Software,Baixa,Resolvido,RH,Bruno Reis,N2,22.6,48,Sim
INC-00928,2025-07-21 07:00,2025-07-21 10:30,Acesso/Senha,Média,Resolvido,Comercial,Ana Souza,N1,3.5,24,Sim
INC-01279,2025-07-21 07:07,2025-07-21 15:49,Hardware,Média,Resolvido,Logística,Fernanda Cruz,N3,8.7,24,Sim
INC-01852,2025-07-21 07:37,2025-07-21 07:49,Rede/Internet,Baixa,Resolvido,Diretoria,Ana Souza,N1,0.2,48,Sim
INC-00823,2025-07-21 07:44,2025-07-21 08:02,Email,Média,Resolvido,Logística,Bruno Reis,N2,0.3,24,Sim
INC-00860,2025-07-21 09:06,2025-07-21 14:54,Hardware,Alta,Resolvido,TI,Bruno Reis,N2,5.8,8,Sim
INC-00609,2025-07-21 09:19,2025-07-21 15:07,Rede/Internet,Baixa,Resolvido,TI,Bruno Reis,N2,5.8,48,Sim
INC-02362,2025-07-21 10:24,2025-07-21 13:00,Acesso/Senha,Baixa,Resolvido,Diretoria,Diego Alves,N2,2.6,48,Sim
INC-00808,2025-07-21 10:29,2025-07-22 07:35,Acesso/Senha,Baixa,Resolvido,Logística,Ana Souza,N1,21.1,48,Sim
INC-01764,2025-07-21 10:58,2025-07-21 11:46,Email,Alta,Resolvido,RH,Carlos Lima,N1,0.8,8,Sim
INC-01748,2025-07-21 11:20,2025-07-21 18:08,Software,Média,Resolvido,Diretoria,Ana Souza,N1,6.8,24,Sim
INC-01581,2025-07-21 11:56,2025-07-21 14:50,Acesso/Senha,Baixa,Resolvido,Logística,Bruno Reis,N2,2.9,48,Sim
INC-01676,2025-07-21 12:04,2025-07-21 14:52,Software,Alta,Resolvido,Operações,Diego Alves,N2,2.8,8,Sim
INC-01507,2025-07-21 12:27,2025-07-22 01:33,Hardware,Baixa,Resolvido,Comercial,Diego Alves,N2,13.1,48,Sim
INC-02245,2025-07-21 13:42,2025-07-22 05:00,Hardware,Média,Resolvido,RH,Fernanda Cruz,N3,15.3,24,Sim
INC-00250,2025-07-21 14:20,2025-07-21 15:32,Rede/Internet,Alta,Resolvido,Logística,Bruno Reis,N2,1.2,8,Sim
INC-00660,2025-07-22 07:01,2025-07-22 08:07,Email,Média,Resolvido,Diretoria,Diego Alves,N2,1.1,24,Sim
INC-01222,2025-07-22 07:16,2025-07-22 14:28,Hardware,Baixa,Resolvido,Financeiro,Bruno Reis,N2,7.2,48,Sim
INC-00968,2025-07-22 10:20,2025-07-22 11:38,Software,Média,Resolvido,RH,Bruno Reis,N2,1.3,24,Sim
INC-00209,2025-07-22 12:24,2025-07-22 13:36,Acesso/Senha,Média,Resolvido,Diretoria,Carlos Lima,N1,1.2,24,Sim
INC-00591,2025-07-22 12:51,2025-07-22 17:45,Email,Baixa,Resolvido,Logística,Carlos Lima,N1,4.9,48,Sim
INC-00533,2025-07-23 07:31,2025-07-23 07:55,Rede/Internet,Baixa,Resolvido,Comercial,Fernanda Cruz,N3,0.4,48,Sim
INC-00429,2025-07-23 07:32,2025-07-23 23:20,Hardware,Média,Resolvido,TI,Bruno Reis,N2,15.8,24,Sim
INC-01917,2025-07-23 08:07,2025-07-23 09:37,Acesso/Senha,Baixa,Resolvido,Financeiro,Bruno Reis,N2,1.5,48,Sim
INC-02132,2025-07-23 09:17,2025-07-23 10:23,Acesso/Senha,Crítica,Resolvido,Financeiro,Bruno Reis,N2,1.1,4,Sim
INC-00151,2025-07-24 08:37,2025-07-24 10:01,Acesso/Senha,Média,Resolvido,Operações,Fernanda Cruz,N3,1.4,24,Sim
INC-00336,2025-07-24 08:49,2025-07-24 16:31,Software,Média,Resolvido,RH,Carlos Lima,N1,7.7,24,Sim
INC-01170,2025-07-24 12:43,2025-07-24 20:43,Software,Baixa,Resolvido,TI,Ana Souza,N1,8.0,48,Sim
INC-01595,2025-07-25 08:06,2025-07-25 09:54,Acesso/Senha,Média,Resolvido,Operações,Ana Souza,N1,1.8,24,Sim
INC-01186,2025-07-25 08:09,2025-07-25 22:21,Sistema Interno,Baixa,Resolvido,RH,Carlos Lima,N1,14.2,48,Sim
INC-00121,2025-07-25 11:17,2025-07-25 12:35,Impressora,Alta,Resolvido,Logística,Carlos Lima,N1,1.3,8,Sim
INC-02106,2025-07-25 11:38,2025-07-25 12:14,Software,Alta,Resolvido,Logística,Diego Alves,N2,0.6,8,Sim
INC-00942,2025-07-25 12:37,2025-07-26 03:01,Hardware,Média,Resolvido,Comercial,Ana Souza,N1,14.4,24,Sim
INC-01960,2025-07-26 08:36,2025-07-26 11:00,Acesso/Senha,Baixa,Resolvido,TI,Fernanda Cruz,N3,2.4,48,Sim
INC-01262,2025-07-28 07:23,2025-07-30 02:17,Hardware,Média,Resolvido,Financeiro,Carlos Lima,N1,42.9,24,Não
INC-01953,2025-07-28 07:27,2025-07-28 11:57,Rede/Internet,Alta,Resolvido,Operações,Diego Alves,N2,4.5,8,Sim
INC-01638,2025-07-28 08:54,2025-07-28 12:00,Software,Alta,Resolvido,Comercial,Carlos Lima,N1,3.1,8,Sim
INC-00339,2025-07-28 13:08,2025-07-28 17:44,Rede/Internet,Alta,Resolvido,RH,Ana Souza,N1,4.6,8,Sim
INC-01610,2025-07-28 18:00,2025-07-28 20:36,Acesso/Senha,Baixa,Resolvido,RH,Carlos Lima,N1,2.6,48,Sim
INC-00691,2025-07-29 10:38,2025-07-30 21:08,Rede/Internet,Baixa,Resolvido,TI,Bruno Reis,N2,34.5,48,Sim
INC-00508,2025-07-30 10:21,2025-07-30 14:09,Software,Baixa,Resolvido,Financeiro,Ana Souza,N1,3.8,48,Sim
INC-01833,2025-07-30 11:24,2025-07-30 12:12,Acesso/Senha,Crítica,Resolvido,Comercial,Bruno Reis,N2,0.8,4,Sim
INC-02210,2025-07-30 13:13,2025-07-30 13:25,Acesso/Senha,Alta,Resolvido,TI,Ana Souza,N1,0.2,8,Sim
INC-01440,2025-07-30 14:01,2025-07-30 15:19,Hardware,Alta,Resolvido,RH,Carlos Lima,N1,1.3,8,Sim
INC-02266,2025-07-31 07:44,2025-07-31 12:20,Rede/Internet,Média,Resolvido,Operações,Ana Souza,N1,4.6,24,Sim
INC-01371,2025-07-31 09:28,2025-07-31 10:16,Hardware,Alta,Resolvido,Operações,Fernanda Cruz,N3,0.8,8,Sim
INC-01831,2025-07-31 12:20,2025-07-31 13:08,Impressora,Baixa,Resolvido,Financeiro,Carlos Lima,N1,0.8,48,Sim
INC-01832,2025-07-31 13:09,2025-07-31 19:33,Hardware,Crítica,Resolvido,Operações,Diego Alves,N2,6.4,4,Não
INC-00423,2025-07-31 13:18,2025-07-31 14:18,Acesso/Senha,Baixa,Resolvido,Comercial,Diego Alves,N2,1.0,48,Sim
INC-01743,2025-07-31 14:56,2025-08-01 10:20,Hardware,Baixa,Resolvido,Diretoria,Bruno Reis,N2,19.4,48,Sim
INC-02049,2025-08-01 09:09,2025-08-01 09:21,Acesso/Senha,Baixa,Resolvido,RH,Carlos Lima,N1,0.2,48,Sim
INC-02446,2025-08-01 11:35,2025-08-01 17:59,Software,Alta,Resolvido,Financeiro,Carlos Lima,N1,6.4,8,Sim
INC-01300,2025-08-01 12:51,2025-08-01 15:09,Acesso/Senha,Média,Resolvido,Financeiro,Diego Alves,N2,2.3,24,Sim
INC-01192,2025-08-01 16:46,2025-08-02 01:22,Hardware,Baixa,Resolvido,Operações,Fernanda Cruz,N3,8.6,48,Sim
INC-00629,2025-08-02 10:49,2025-08-02 12:13,Acesso/Senha,Baixa,Resolvido,TI,Carlos Lima,N1,1.4,48,Sim
INC-02437,2025-08-02 11:16,2025-08-02 13:58,Email,Média,Resolvido,Diretoria,Diego Alves,N2,2.7,24,Sim
INC-00445,2025-08-02 12:25,2025-08-02 17:25,Impressora,Média,Resolvido,Operações,Carlos Lima,N1,5.0,24,Sim
INC-02146,2025-08-02 14:52,2025-08-02 21:10,Rede/Internet,Baixa,Resolvido,Financeiro,Diego Alves,N2,6.3,48,Sim
INC-02067,2025-08-03 07:29,2025-08-03 10:41,Impressora,Média,Resolvido,Comercial,Fernanda Cruz,N3,3.2,24,Sim
INC-00055,2025-08-03 14:21,2025-08-03 15:15,Hardware,Baixa,Resolvido,Financeiro,Fernanda Cruz,N3,0.9,48,Sim
INC-02187,2025-08-04 07:09,2025-08-04 17:03,Rede/Internet,Baixa,Resolvido,RH,Ana Souza,N1,9.9,48,Sim
INC-01012,2025-08-04 07:13,2025-08-04 09:13,Rede/Internet,Alta,Resolvido,TI,Diego Alves,N2,2.0,8,Sim
INC-01666,2025-08-04 07:43,2025-08-04 12:01,Software,Média,Resolvido,Financeiro,Ana Souza,N1,4.3,24,Sim
INC-01395,2025-08-04 07:51,2025-08-06 00:33,Hardware,Baixa,Resolvido,Financeiro,Carlos Lima,N1,40.7,48,Sim
INC-01580,2025-08-04 08:06,2025-08-04 23:42,Software,Baixa,Resolvido,TI,Bruno Reis,N2,15.6,48,Sim
INC-00656,2025-08-04 09:25,2025-08-04 09:37,Software,Média,Resolvido,Logística,Diego Alves,N2,0.2,24,Sim
INC-00944,2025-08-04 09:25,2025-08-04 20:25,Sistema Interno,Média,Resolvido,RH,Diego Alves,N2,11.0,24,Sim
INC-00267,2025-08-04 10:27,2025-08-05 12:27,Hardware,Baixa,Resolvido,TI,Carlos Lima,N1,26.0,48,Sim
INC-00275,2025-08-04 10:58,2025-08-04 23:58,Software,Baixa,Resolvido,Operações,Fernanda Cruz,N3,13.0,48,Sim
INC-02161,2025-08-04 11:05,2025-08-04 11:29,Email,Baixa,Resolvido,Comercial,Bruno Reis,N2,0.4,48,Sim
INC-00880,2025-08-04 14:28,2025-08-04 19:40,Rede/Internet,Baixa,Resolvido,Diretoria,Diego Alves,N2,5.2,48,Sim
INC-00332,2025-08-05 09:05,2025-08-05 11:53,Software,Baixa,Resolvido,TI,Ana Souza,N1,2.8,48,Sim
INC-01178,2025-08-05 09:24,2025-08-05 17:00,Rede/Internet,Média,Resolvido,Operações,Diego Alves,N2,7.6,24,Sim
INC-00432,2025-08-05 09:32,2025-08-05 16:50,Software,Média,Resolvido,Diretoria,Ana Souza,N1,7.3,24,Sim
INC-00557,2025-08-05 10:37,2025-08-05 11:55,Acesso/Senha,Alta,Resolvido,TI,Ana Souza,N1,1.3,8,Sim
INC-01048,2025-08-05 11:26,2025-08-05 14:26,Acesso/Senha,Média,Resolvido,Comercial,Fernanda Cruz,N3,3.0,24,Sim
INC-00103,2025-08-05 11:46,2025-08-05 13:52,Email,Baixa,Resolvido,Diretoria,Fernanda Cruz,N3,2.1,48,Sim
INC-01668,2025-08-05 12:09,2025-08-05 13:45,Acesso/Senha,Alta,Resolvido,Comercial,Bruno Reis,N2,1.6,8,Sim
INC-01820,2025-08-05 15:23,2025-08-05 23:23,Rede/Internet,Baixa,Resolvido,RH,Ana Souza,N1,8.0,48,Sim
INC-01411,2025-08-06 07:50,2025-08-06 08:26,Software,Alta,Resolvido,Diretoria,Ana Souza,N1,0.6,8,Sim
INC-01625,2025-08-06 12:07,2025-08-06 12:25,Software,Crítica,Resolvido,Operações,Carlos Lima,N1,0.3,4,Sim
INC-02206,2025-08-07 10:11,2025-08-07 13:35,Software,Baixa,Resolvido,Comercial,Diego Alves,N2,3.4,48,Sim
INC-01652,2025-08-07 10:51,2025-08-07 17:51,Impressora,Baixa,Resolvido,Diretoria,Bruno Reis,N2,7.0,48,Sim
INC-00170,2025-08-07 10:59,2025-08-07 18:17,Rede/Internet,Baixa,Resolvido,Financeiro,Ana Souza,N1,7.3,48,Sim
INC-00524,2025-08-07 13:13,2025-08-07 16:31,Rede/Internet,Média,Resolvido,Financeiro,Ana Souza,N1,3.3,24,Sim
INC-01308,2025-08-07 13:36,2025-08-07 15:30,Email,Crítica,Resolvido,TI,Bruno Reis,N2,1.9,4,Sim
INC-01090,2025-08-08 07:50,2025-08-08 09:44,Software,Média,Resolvido,RH,Fernanda Cruz,N3,1.9,24,Sim
INC-00318,2025-08-08 08:22,2025-08-08 13:58,Hardware,Média,Resolvido,TI,Ana Souza,N1,5.6,24,Sim
INC-01523,2025-08-08 08:29,2025-08-08 09:29,Acesso/Senha,Média,Resolvido,Comercial,Ana Souza,N1,1.0,24,Sim
INC-01873,2025-08-08 09:24,2025-08-08 13:24,Hardware,Alta,Resolvido,Operações,Fernanda Cruz,N3,4.0,8,Sim
INC-01782,2025-08-08 10:27,2025-08-08 12:57,Acesso/Senha,Baixa,Resolvido,RH,Fernanda Cruz,N3,2.5,48,Sim
INC-01110,2025-08-08 12:53,2025-08-08 13:11,Email,Crítica,Resolvido,Logística,Bruno Reis,N2,0.3,4,Sim
INC-01104,2025-08-09 07:59,2025-08-10 06:59,Hardware,Baixa,Resolvido,Operações,Fernanda Cruz,N3,23.0,48,Sim
INC-01471,2025-08-09 10:55,2025-08-09 12:19,Acesso/Senha,Baixa,Resolvido,Operações,Fernanda Cruz,N3,1.4,48,Sim
INC-01828,2025-08-11 07:10,2025-08-11 07:22,Acesso/Senha,Crítica,Resolvido,Diretoria,Diego Alves,N2,0.2,4,Sim
INC-00333,2025-08-11 07:49,2025-08-11 10:43,Rede/Internet,Alta,Resolvido,Comercial,Diego Alves,N2,2.9,8,Sim
INC-01527,2025-08-11 08:17,2025-08-11 10:53,Hardware,Baixa,Resolvido,TI,Ana Souza,N1,2.6,48,Sim
INC-01607,2025-08-11 08:28,2025-08-11 08:46,Acesso/Senha,Baixa,Resolvido,Comercial,Ana Souza,N1,0.3,48,Sim
INC-00456,2025-08-11 09:14,2025-08-12 08:38,Software,Baixa,Resolvido,Diretoria,Fernanda Cruz,N3,23.4,48,Sim
INC-01697,2025-08-11 09:42,2025-08-11 13:48,Acesso/Senha,Média,Resolvido,TI,Fernanda Cruz,N3,4.1,24,Sim
INC-01480,2025-08-11 09:54,2025-08-11 10:48,Acesso/Senha,Baixa,Resolvido,Comercial,Diego Alves,N2,0.9,48,Sim
INC-01540,2025-08-11 10:51,2025-08-11 12:09,Software,Média,Resolvido,RH,Bruno Reis,N2,1.3,24,Sim
INC-01496,2025-08-11 11:19,2025-08-12 00:01,Software,Alta,Resolvido,Financeiro,Carlos Lima,N1,12.7,8,Não
INC-02264,2025-08-11 11:27,2025-08-12 00:27,Rede/Internet,Média,Resolvido,Logística,Bruno Reis,N2,13.0,24,Sim
INC-00613,2025-08-11 11:28,2025-08-12 06:04,Hardware,Baixa,Resolvido,RH,Bruno Reis,N2,18.6,48,Sim
INC-01891,2025-08-11 11:51,2025-08-11 12:15,Rede/Internet,Baixa,Resolvido,TI,Ana Souza,N1,0.4,48,Sim
INC-00291,2025-08-11 12:16,2025-08-11 17:28,Rede/Internet,Alta,Resolvido,Comercial,Carlos Lima,N1,5.2,8,Sim
INC-01759,2025-08-11 12:37,2025-08-12 05:55,Software,Baixa,Resolvido,RH,Diego Alves,N2,17.3,48,Sim
INC-02107,2025-08-11 17:00,2025-08-11 17:12,Acesso/Senha,Média,Resolvido,Financeiro,Diego Alves,N2,0.2,24,Sim
INC-02014,2025-08-12 08:15,2025-08-12 09:15,Hardware,Média,Resolvido,TI,Carlos Lima,N1,1.0,24,Sim
INC-00540,2025-08-12 11:01,2025-08-12 11:25,Software,Média,Resolvido,RH,Bruno Reis,N2,0.4,24,Sim
INC-01640,2025-08-12 11:43,2025-08-12 15:49,Rede/Internet,Baixa,Resolvido,Logística,Fernanda Cruz,N3,4.1,48,Sim
INC-00611,2025-08-12 12:35,2025-08-12 13:41,Hardware,Baixa,Resolvido,RH,Bruno Reis,N2,1.1,48,Sim
INC-01481,2025-08-12 12:39,2025-08-12 15:21,Acesso/Senha,Baixa,Resolvido,Logística,Carlos Lima,N1,2.7,48,Sim
INC-02270,2025-08-13 07:09,2025-08-13 09:39,Acesso/Senha,Baixa,Resolvido,Operações,Diego Alves,N2,2.5,48,Sim
INC-01463,2025-08-13 09:43,2025-08-13 11:43,Acesso/Senha,Alta,Resolvido,Comercial,Diego Alves,N2,2.0,8,Sim
INC-00443,2025-08-13 15:44,2025-08-14 08:50,Hardware,Média,Resolvido,Diretoria,Bruno Reis,N2,17.1,24,Sim
INC-00079,2025-08-14 07:42,2025-08-14 14:12,Software,Baixa,Resolvido,TI,Bruno Reis,N2,6.5,48,Sim
INC-00642,2025-08-14 10:02,2025-08-14 17:50,Acesso/Senha,Baixa,Resolvido,RH,Bruno Reis,N2,7.8,48,Sim
INC-00233,2025-08-14 10:26,2025-08-14 16:44,Hardware,Alta,Resolvido,Logística,Carlos Lima,N1,6.3,8,Sim
INC-01203,2025-08-14 12:28,2025-08-14 17:34,Hardware,Média,Resolvido,Diretoria,Fernanda Cruz,N3,5.1,24,Sim
INC-00128,2025-08-15 15:45,2025-08-15 19:33,Acesso/Senha,Baixa,Resolvido,Diretoria,Bruno Reis,N2,3.8,48,Sim
INC-02094,2025-08-16 07:46,2025-08-16 08:22,Acesso/Senha,Baixa,Resolvido,RH,Bruno Reis,N2,0.6,48,Sim
INC-02324,2025-08-17 09:07,2025-08-17 10:25,Software,Alta,Resolvido,RH,Carlos Lima,N1,1.3,8,Sim
INC-00489,2025-08-17 13:41,2025-08-17 14:41,Hardware,Alta,Resolvido,Financeiro,Ana Souza,N1,1.0,8,Sim
INC-02125,2025-08-18 09:10,2025-08-18 10:22,Rede/Internet,Alta,Resolvido,Financeiro,Diego Alves,N2,1.2,8,Sim
INC-02462,2025-08-18 09:17,2025-08-19 11:53,Rede/Internet,Baixa,Resolvido,Diretoria,Fernanda Cruz,N3,26.6,48,Sim
INC-01439,2025-08-18 10:09,2025-08-18 17:57,Hardware,Alta,Resolvido,Comercial,Fernanda Cruz,N3,7.8,8,Sim
INC-00710,2025-08-18 10:16,2025-08-18 12:10,Impressora,Baixa,Resolvido,Operações,Diego Alves,N2,1.9,48,Sim
INC-02283,2025-08-18 10:27,2025-08-18 19:27,Hardware,Média,Resolvido,RH,Bruno Reis,N2,9.0,24,Sim
INC-02253,2025-08-18 12:06,2025-08-18 15:42,Acesso/Senha,Baixa,Resolvido,Comercial,Bruno Reis,N2,3.6,48,Sim
INC-01216,2025-08-18 13:22,2025-08-18 16:34,Rede/Internet,Média,Resolvido,Comercial,Ana Souza,N1,3.2,24,Sim
INC-01796,2025-08-18 15:44,2025-08-18 17:44,Acesso/Senha,Baixa,Resolvido,RH,Diego Alves,N2,2.0,48,Sim
INC-00475,2025-08-19 09:54,2025-08-19 12:30,Email,Crítica,Resolvido,RH,Diego Alves,N2,2.6,4,Sim
INC-01169,2025-08-19 10:39,2025-08-20 02:03,Email,Baixa,Resolvido,Financeiro,Diego Alves,N2,15.4,48,Sim
INC-01148,2025-08-19 12:27,2025-08-19 15:15,Sistema Interno,Alta,Resolvido,TI,Ana Souza,N1,2.8,8,Sim
INC-02153,2025-08-20 07:00,2025-08-20 12:36,Sistema Interno,Alta,Resolvido,Financeiro,Ana Souza,N1,5.6,8,Sim
INC-00831,2025-08-20 07:26,2025-08-20 10:02,Acesso/Senha,Baixa,Resolvido,Financeiro,Ana Souza,N1,2.6,48,Sim
INC-01635,2025-08-20 07:53,2025-08-21 07:35,Hardware,Baixa,Resolvido,TI,Ana Souza,N1,23.7,48,Sim
INC-01298,2025-08-20 11:23,2025-08-20 16:23,Software,Média,Resolvido,Comercial,Fernanda Cruz,N3,5.0,24,Sim
INC-00723,2025-08-20 11:26,2025-08-20 14:26,Rede/Internet,Baixa,Resolvido,Financeiro,Ana Souza,N1,3.0,48,Sim
INC-00631,2025-08-20 11:55,2025-08-20 15:49,Hardware,Média,Resolvido,Financeiro,Carlos Lima,N1,3.9,24,Sim
INC-01879,2025-08-20 13:53,2025-08-20 14:29,Acesso/Senha,Baixa,Resolvido,RH,Bruno Reis,N2,0.6,48,Sim
INC-00363,2025-08-21 07:03,2025-08-21 20:57,Impressora,Média,Resolvido,Operações,Carlos Lima,N1,13.9,24,Sim
INC-00266,2025-08-21 07:35,2025-08-21 18:11,Rede/Internet,Baixa,Resolvido,Financeiro,Diego Alves,N2,10.6,48,Sim
INC-00473,2025-08-21 07:43,2025-08-21 08:43,Hardware,Média,Resolvido,Financeiro,Carlos Lima,N1,1.0,24,Sim
INC-02436,2025-08-21 08:15,2025-08-21 11:39,Rede/Internet,Alta,Resolvido,Logística,Bruno Reis,N2,3.4,8,Sim
INC-01944,2025-08-21 09:27,2025-08-21 10:09,Acesso/Senha,Média,Resolvido,Diretoria,Fernanda Cruz,N3,0.7,24,Sim
INC-01916,2025-08-21 10:16,2025-08-21 14:10,Acesso/Senha,Média,Resolvido,Financeiro,Carlos Lima,N1,3.9,24,Sim
INC-02006,2025-08-21 12:16,2025-08-21 17:34,Hardware,Média,Resolvido,Diretoria,Carlos Lima,N1,5.3,24,Sim
INC-01888,2025-08-21 12:36,2025-08-21 16:12,Rede/Internet,Alta,Resolvido,Diretoria,Carlos Lima,N1,3.6,8,Sim
INC-00821,2025-08-21 14:27,2025-08-21 15:27,Acesso/Senha,Média,Resolvido,Operações,Carlos Lima,N1,1.0,24,Sim
INC-01274,2025-08-21 14:52,2025-08-22 05:28,Software,Média,Resolvido,Financeiro,Diego Alves,N2,14.6,24,Sim
INC-00902,2025-08-22 07:48,2025-08-22 10:30,Acesso/Senha,Média,Resolvido,Comercial,Ana Souza,N1,2.7,24,Sim
INC-02482,2025-08-22 15:00,2025-08-22 18:24,Acesso/Senha,Média,Resolvido,Logística,Diego Alves,N2,3.4,24,Sim
INC-01932,2025-08-22 15:07,2025-08-22 16:49,Hardware,Média,Resolvido,Comercial,Ana Souza,N1,1.7,24,Sim
INC-01837,2025-08-23 07:09,2025-08-23 17:27,Sistema Interno,Crítica,Resolvido,RH,Fernanda Cruz,N3,10.3,4,Não
INC-01738,2025-08-23 09:27,2025-08-23 23:39,Hardware,Baixa,Resolvido,Operações,Carlos Lima,N1,14.2,48,Sim
INC-00965,2025-08-23 11:53,2025-08-23 17:35,Rede/Internet,Média,Resolvido,Financeiro,Bruno Reis,N2,5.7,24,Sim
INC-00738,2025-08-24 10:49,2025-08-24 11:37,Hardware,Média,Resolvido,Comercial,Ana Souza,N1,0.8,24,Sim
INC-00365,2025-08-24 12:27,2025-08-25 02:57,Rede/Internet,Baixa,Resolvido,Financeiro,Carlos Lima,N1,14.5,48,Sim
INC-01270,2025-08-25 07:44,2025-08-25 12:08,Rede/Internet,Média,Resolvido,RH,Diego Alves,N2,4.4,24,Sim
INC-01929,2025-08-25 09:11,2025-08-25 13:11,Rede/Internet,Baixa,Resolvido,Operações,Fernanda Cruz,N3,4.0,48,Sim
INC-02309,2025-08-25 10:11,2025-08-25 12:59,Software,Média,Resolvido,Financeiro,Bruno Reis,N2,2.8,24,Sim
INC-00998,2025-08-25 11:46,2025-08-25 14:16,Hardware,Média,Resolvido,Logística,Ana Souza,N1,2.5,24,Sim
INC-01343,2025-08-25 12:49,2025-08-25 17:25,Hardware,Baixa,Resolvido,Diretoria,Fernanda Cruz,N3,4.6,48,Sim
INC-02273,2025-08-25 13:15,2025-08-25 16:39,Rede/Internet,Baixa,Resolvido,Financeiro,Fernanda Cruz,N3,3.4,48,Sim
INC-00485,2025-08-25 13:53,2025-08-29 10:35,Hardware,Média,Resolvido,Diretoria,Carlos Lima,N1,92.7,24,Não
INC-02390,2025-08-25 15:49,2025-08-25 17:01,Rede/Internet,Alta,Resolvido,Diretoria,Bruno Reis,N2,1.2,8,Sim
INC-01228,2025-08-26 07:59,2025-08-26 19:11,Software,Baixa,Resolvido,Comercial,Carlos Lima,N1,11.2,48,Sim
INC-00786,2025-08-27 08:24,2025-08-27 11:12,Acesso/Senha,Baixa,Resolvido,Financeiro,Carlos Lima,N1,2.8,48,Sim
INC-00140,2025-08-27 09:24,2025-08-27 13:54,Rede/Internet,Média,Resolvido,TI,Diego Alves,N2,4.5,24,Sim
INC-02197,2025-08-27 10:10,2025-08-28 21:04,Hardware,Baixa,Resolvido,Diretoria,Bruno Reis,N2,34.9,48,Sim
INC-02019,2025-08-27 13:15,2025-08-27 19:21,Rede/Internet,Alta,Resolvido,Operações,Bruno Reis,N2,6.1,8,Sim
INC-02031,2025-08-27 14:15,2025-08-27 20:33,Email,Baixa,Resolvido,Logística,Diego Alves,N2,6.3,48,Sim
INC-02195,2025-08-27 18:28,2025-08-27 22:46,Impressora,Baixa,Resolvido,Diretoria,Ana Souza,N1,4.3,48,Sim
INC-02205,2025-08-28 12:50,2025-08-28 14:38,Software,Crítica,Resolvido,TI,Carlos Lima,N1,1.8,4,Sim
INC-00232,2025-08-28 14:34,2025-08-29 11:40,Hardware,Média,Resolvido,Diretoria,Fernanda Cruz,N3,21.1,24,Sim
INC-01498,2025-08-28 14:37,2025-08-28 16:07,Acesso/Senha,Baixa,Resolvido,Logística,Bruno Reis,N2,1.5,48,Sim
INC-01291,2025-08-28 18:15,2025-08-28 23:03,Hardware,Baixa,Resolvido,Financeiro,Diego Alves,N2,4.8,48,Sim
INC-00711,2025-08-29 07:11,2025-08-29 22:47,Rede/Internet,Baixa,Resolvido,Logística,Carlos Lima,N1,15.6,48,Sim
INC-01662,2025-08-29 07:50,2025-08-29 10:32,Rede/Internet,Alta,Resolvido,Diretoria,Bruno Reis,N2,2.7,8,Sim
INC-00640,2025-08-29 11:05,2025-08-29 16:29,Hardware,Baixa,Resolvido,Comercial,Diego Alves,N2,5.4,48,Sim
INC-00039,2025-08-31 07:01,2025-08-31 11:49,Hardware,Média,Resolvido,Logística,Carlos Lima,N1,4.8,24,Sim
INC-01213,2025-09-01 07:26,2025-09-01 20:44,Rede/Internet,Baixa,Resolvido,Logística,Bruno Reis,N2,13.3,48,Sim
INC-01468,2025-09-01 08:07,2025-09-01 21:01,Hardware,Baixa,Resolvido,TI,Carlos Lima,N1,12.9,48,Sim
INC-00198,2025-09-01 08:10,2025-09-02 01:46,Hardware,Baixa,Resolvido,Logística,Fernanda Cruz,N3,17.6,48,Sim
INC-01824,2025-09-01 08:11,2025-09-01 10:35,Acesso/Senha,Baixa,Resolvido,Financeiro,Fernanda Cruz,N3,2.4,48,Sim
INC-00765,2025-09-01 09:29,2025-09-01 09:47,Acesso/Senha,Alta,Resolvido,TI,Fernanda Cruz,N3,0.3,8,Sim
INC-02086,2025-09-01 10:00,2025-09-01 10:18,Acesso/Senha,Alta,Resolvido,RH,Fernanda Cruz,N3,0.3,8,Sim
INC-02232,2025-09-01 10:03,2025-09-01 16:45,Software,Média,Resolvido,Operações,Diego Alves,N2,6.7,24,Sim
INC-00169,2025-09-01 10:17,2025-09-03 03:29,Rede/Internet,Baixa,Resolvido,Diretoria,Bruno Reis,N2,41.2,48,Sim
INC-02452,2025-09-01 10:29,2025-09-02 10:23,Impressora,Baixa,Resolvido,Comercial,Bruno Reis,N2,23.9,48,Sim
INC-01417,2025-09-01 11:02,2025-09-02 05:38,Hardware,Baixa,Resolvido,TI,Carlos Lima,N1,18.6,48,Sim
INC-01081,2025-09-01 11:58,2025-09-01 12:22,Impressora,Baixa,Resolvido,Financeiro,Bruno Reis,N2,0.4,48,Sim
INC-01803,2025-09-01 12:44,2025-09-01 19:08,Hardware,Baixa,Resolvido,Comercial,Bruno Reis,N2,6.4,48,Sim
INC-01172,2025-09-01 13:07,2025-09-01 23:31,Hardware,Baixa,Resolvido,Financeiro,Diego Alves,N2,10.4,48,Sim
INC-00032,2025-09-01 13:27,2025-09-01 14:45,Rede/Internet,Alta,Resolvido,Operações,Bruno Reis,N2,1.3,8,Sim
INC-00898,2025-09-01 13:36,2025-09-01 19:06,Acesso/Senha,Média,Resolvido,Financeiro,Bruno Reis,N2,5.5,24,Sim
INC-00853,2025-09-01 14:16,2025-09-01 14:34,Acesso/Senha,Média,Resolvido,Comercial,Bruno Reis,N2,0.3,24,Sim
INC-00098,2025-09-02 10:34,2025-09-02 11:52,Acesso/Senha,Alta,Resolvido,TI,Carlos Lima,N1,1.3,8,Sim
INC-02004,2025-09-02 11:02,2025-09-02 13:08,Acesso/Senha,Média,Resolvido,RH,Fernanda Cruz,N3,2.1,24,Sim
INC-01843,2025-09-02 13:40,2025-09-04 14:10,Hardware,Baixa,Resolvido,TI,Carlos Lima,N1,48.5,48,Não
INC-02234,2025-09-03 07:04,2025-09-03 15:10,Rede/Internet,Baixa,Resolvido,TI,Diego Alves,N2,8.1,48,Sim
INC-00909,2025-09-03 10:20,2025-09-03 17:38,Acesso/Senha,Baixa,Resolvido,Logística,Fernanda Cruz,N3,7.3,48,Sim
INC-01554,2025-09-03 10:41,2025-09-04 01:11,Sistema Interno,Alta,Resolvido,Financeiro,Fernanda Cruz,N3,14.5,8,Não
INC-00920,2025-09-03 13:00,2025-09-03 20:24,Acesso/Senha,Baixa,Resolvido,Logística,Carlos Lima,N1,7.4,48,Sim
INC-01699,2025-09-03 14:30,2025-09-03 17:18,Software,Baixa,Resolvido,Diretoria,Bruno Reis,N2,2.8,48,Sim
INC-00010,2025-09-03 15:00,2025-09-03 16:00,Acesso/Senha,Média,Resolvido,Comercial,Bruno Reis,N2,1.0,24,Sim
INC-00794,2025-09-04 07:02,2025-09-04 07:38,Software,Crítica,Resolvido,RH,Ana Souza,N1,0.6,4,Sim
INC-00265,2025-09-04 07:05,2025-09-05 02:47,Software,Baixa,Resolvido,Financeiro,Bruno Reis,N2,19.7,48,Sim
INC-00053,2025-09-04 08:08,2025-09-04 16:02,Software,Média,Resolvido,RH,Diego Alves,N2,7.9,24,Sim
INC-01196,2025-09-04 09:46,2025-09-04 15:10,Software,Baixa,Resolvido,Comercial,Diego Alves,N2,5.4,48,Sim
INC-01452,2025-09-04 10:57,2025-09-05 20:09,Hardware,Média,Resolvido,RH,Fernanda Cruz,N3,33.2,24,Não
INC-00283,2025-09-04 12:44,2025-09-05 06:50,Sistema Interno,Média,Resolvido,Operações,Diego Alves,N2,18.1,24,Sim
INC-01560,2025-09-04 16:14,2025-09-04 18:20,Hardware,Baixa,Resolvido,Operações,Ana Souza,N1,2.1,48,Sim
INC-02177,2025-09-05 08:15,2025-09-06 21:03,Software,Baixa,Resolvido,Financeiro,Fernanda Cruz,N3,36.8,48,Sim
INC-01512,2025-09-05 09:28,2025-09-05 15:04,Rede/Internet,Alta,Resolvido,Logística,Fernanda Cruz,N3,5.6,8,Sim
INC-00259,2025-09-05 13:48,2025-09-05 23:48,Software,Baixa,Resolvido,TI,Diego Alves,N2,10.0,48,Sim
INC-00669,2025-09-05 16:53,2025-09-05 17:35,Rede/Internet,Alta,Resolvido,Logística,Diego Alves,N2,0.7,8,Sim
INC-00390,2025-09-06 07:55,2025-09-06 09:13,Rede/Internet,Média,Resolvido,Logística,Bruno Reis,N2,1.3,24,Sim
INC-00289,2025-09-06 09:34,2025-09-06 11:46,Rede/Internet,Baixa,Resolvido,Operações,Ana Souza,N1,2.2,48,Sim
INC-00084,2025-09-06 10:51,2025-09-06 12:45,Acesso/Senha,Baixa,Resolvido,Operações,Carlos Lima,N1,1.9,48,Sim
INC-00341,2025-09-07 07:39,2025-09-07 07:57,Acesso/Senha,Alta,Resolvido,RH,Diego Alves,N2,0.3,8,Sim
INC-02268,2025-09-08 07:15,2025-09-08 07:51,Acesso/Senha,Média,Resolvido,Financeiro,Carlos Lima,N1,0.6,24,Sim
INC-01558,2025-09-08 07:31,2025-09-09 11:13,Sistema Interno,Média,Resolvido,RH,Fernanda Cruz,N3,27.7,24,Não
INC-01016,2025-09-08 08:05,2025-09-08 15:53,Software,Média,Resolvido,Diretoria,Diego Alves,N2,7.8,24,Sim
INC-01324,2025-09-08 08:13,2025-09-08 20:37,Hardware,Baixa,Resolvido,Comercial,Carlos Lima,N1,12.4,48,Sim
INC-01185,2025-09-08 08:18,2025-09-08 12:06,Email,Média,Resolvido,TI,Ana Souza,N1,3.8,24,Sim
INC-00899,2025-09-08 08:29,2025-09-08 11:41,Acesso/Senha,Baixa,Resolvido,RH,Fernanda Cruz,N3,3.2,48,Sim
INC-01578,2025-09-08 09:05,2025-09-08 10:47,Acesso/Senha,Média,Resolvido,TI,Bruno Reis,N2,1.7,24,Sim
INC-01039,2025-09-08 09:06,2025-09-08 12:18,Acesso/Senha,Baixa,Resolvido,Comercial,Fernanda Cruz,N3,3.2,48,Sim
INC-01296,2025-09-08 10:40,2025-09-08 11:04,Rede/Internet,Baixa,Resolvido,Comercial,Fernanda Cruz,N3,0.4,48,Sim
INC-00016,2025-09-08 11:05,2025-09-08 15:35,Software,Baixa,Resolvido,RH,Bruno Reis,N2,4.5,48,Sim
INC-00600,2025-09-08 11:15,2025-09-08 17:57,Hardware,Baixa,Resolvido,RH,Ana Souza,N1,6.7,48,Sim
INC-02198,2025-09-08 11:50,2025-09-08 14:08,Acesso/Senha,Média,Resolvido,RH,Fernanda Cruz,N3,2.3,24,Sim
INC-00764,2025-09-08 11:54,2025-09-08 19:48,Rede/Internet,Crítica,Resolvido,RH,Diego Alves,N2,7.9,4,Não
INC-00135,2025-09-08 13:24,2025-09-08 19:18,Impressora,Média,Resolvido,Diretoria,Ana Souza,N1,5.9,24,Sim
INC-02214,2025-09-08 13:50,2025-09-08 18:38,Software,Baixa,Resolvido,Logística,Ana Souza,N1,4.8,48,Sim
INC-00546,2025-09-08 14:19,2025-09-08 14:43,Software,Média,Resolvido,RH,Fernanda Cruz,N3,0.4,24,Sim
INC-01893,2025-09-08 15:51,2025-09-08 16:15,Software,Média,Resolvido,Diretoria,Ana Souza,N1,0.4,24,Sim
INC-00071,2025-09-09 07:21,2025-09-09 07:33,Email,Média,Resolvido,Comercial,Ana Souza,N1,0.2,24,Sim
INC-01535,2025-09-10 11:08,2025-09-10 15:02,Hardware,Média,Resolvido,Operações,Fernanda Cruz,N3,3.9,24,Sim
INC-01696,2025-09-10 12:07,2025-09-11 05:19,Impressora,Média,Resolvido,RH,Carlos Lima,N1,17.2,24,Sim
INC-01829,2025-09-10 14:59,2025-09-10 19:23,Software,Média,Resolvido,RH,Bruno Reis,N2,4.4,24,Sim
INC-00575,2025-09-11 08:14,2025-09-11 09:14,Software,Baixa,Resolvido,Comercial,Carlos Lima,N1,1.0,48,Sim
INC-00316,2025-09-12 07:37,2025-09-12 09:19,Email,Média,Resolvido,Diretoria,Bruno Reis,N2,1.7,24,Sim
INC-01064,2025-09-12 08:57,2025-09-13 19:33,Rede/Internet,Baixa,Resolvido,Logística,Diego Alves,N2,34.6,48,Sim
INC-02173,2025-09-12 13:58,2025-09-13 01:16,Software,Baixa,Resolvido,TI,Bruno Reis,N2,11.3,48,Sim
INC-01682,2025-09-13 10:23,2025-09-13 14:53,Impressora,Baixa,Resolvido,Diretoria,Fernanda Cruz,N3,4.5,48,Sim
INC-01996,2025-09-13 11:35,2025-09-13 11:47,Software,Baixa,Resolvido,Logística,Carlos Lima,N1,0.2,48,Sim
INC-02386,2025-09-13 11:38,2025-09-14 11:08,Rede/Internet,Baixa,Resolvido,Logística,Bruno Reis,N2,23.5,48,Sim
INC-01874,2025-09-13 15:51,2025-09-13 23:21,Email,Baixa,Resolvido,Logística,Ana Souza,N1,7.5,48,Sim
INC-00577,2025-09-15 07:28,2025-09-15 15:10,Acesso/Senha,Baixa,Resolvido,Financeiro,Carlos Lima,N1,7.7,48,Sim
INC-02207,2025-09-15 07:33,2025-09-15 14:57,Software,Baixa,Resolvido,Operações,Carlos Lima,N1,7.4,48,Sim
INC-00437,2025-09-15 07:40,2025-09-15 17:58,Software,Média,Resolvido,Diretoria,Ana Souza,N1,10.3,24,Sim
INC-01431,2025-09-15 09:47,2025-09-15 15:29,Software,Baixa,Resolvido,Comercial,Carlos Lima,N1,5.7,48,Sim
INC-02076,2025-09-15 10:26,2025-09-15 12:56,Software,Média,Resolvido,Operações,Diego Alves,N2,2.5,24,Sim
INC-00060,2025-09-15 12:04,2025-09-15 19:22,Software,Baixa,Resolvido,Financeiro,Fernanda Cruz,N3,7.3,48,Sim
INC-02242,2025-09-15 12:36,2025-09-15 13:42,Rede/Internet,Crítica,Resolvido,Financeiro,Carlos Lima,N1,1.1,4,Sim
INC-00636,2025-09-15 12:36,2025-09-15 15:18,Acesso/Senha,Média,Resolvido,Comercial,Diego Alves,N2,2.7,24,Sim
INC-02103,2025-09-15 15:05,2025-09-15 18:41,Email,Média,Resolvido,Comercial,Bruno Reis,N2,3.6,24,Sim
INC-00354,2025-09-16 08:30,2025-09-17 07:18,Rede/Internet,Baixa,Resolvido,Operações,Ana Souza,N1,22.8,48,Sim
INC-02105,2025-09-16 10:49,2025-09-18 00:43,Hardware,Baixa,Resolvido,TI,Diego Alves,N2,37.9,48,Sim
INC-01174,2025-09-17 09:23,2025-09-17 19:23,Rede/Internet,Alta,Resolvido,RH,Carlos Lima,N1,10.0,8,Não
INC-00510,2025-09-17 10:26,2025-09-17 11:26,Email,Baixa,Resolvido,TI,Diego Alves,N2,1.0,48,Sim
INC-01947,2025-09-17 10:55,2025-09-17 23:55,Rede/Internet,Média,Resolvido,RH,Ana Souza,N1,13.0,24,Sim
INC-01391,2025-09-17 11:08,2025-09-17 12:26,Acesso/Senha,Média,Resolvido,Financeiro,Diego Alves,N2,1.3,24,Sim
INC-01754,2025-09-17 12:12,2025-09-17 16:54,Software,Baixa,Resolvido,TI,Carlos Lima,N1,4.7,48,Sim
INC-00297,2025-09-17 12:58,2025-09-17 16:16,Impressora,Alta,Resolvido,Logística,Ana Souza,N1,3.3,8,Sim
INC-00705,2025-09-17 13:41,2025-09-17 15:05,Software,Baixa,Resolvido,TI,Fernanda Cruz,N3,1.4,48,Sim
INC-00153,2025-09-17 14:26,2025-09-17 16:38,Email,Média,Resolvido,Financeiro,Diego Alves,N2,2.2,24,Sim
INC-01656,2025-09-18 10:20,2025-09-18 13:02,Acesso/Senha,Média,Resolvido,Financeiro,Carlos Lima,N1,2.7,24,Sim
INC-00220,2025-09-18 11:37,2025-09-18 12:01,Acesso/Senha,Baixa,Resolvido,Diretoria,Carlos Lima,N1,0.4,48,Sim
INC-02134,2025-09-18 12:33,2025-09-18 17:21,Rede/Internet,Alta,Resolvido,RH,Carlos Lima,N1,4.8,8,Sim
INC-02212,2025-09-19 09:09,2025-09-19 15:03,Acesso/Senha,Baixa,Resolvido,RH,Carlos Lima,N1,5.9,48,Sim
INC-00491,2025-09-19 15:34,2025-09-19 22:22,Hardware,Baixa,Resolvido,Logística,Carlos Lima,N1,6.8,48,Sim
INC-02472,2025-09-20 12:16,2025-09-20 22:34,Software,Baixa,Resolvido,Financeiro,Fernanda Cruz,N3,10.3,48,Sim
INC-01089,2025-09-20 13:46,2025-09-20 16:40,Acesso/Senha,Média,Resolvido,Comercial,Bruno Reis,N2,2.9,24,Sim
INC-01238,2025-09-20 15:38,2025-09-24 10:44,Hardware,Média,Resolvido,TI,Fernanda Cruz,N3,91.1,24,Não
INC-00400,2025-09-22 07:17,2025-09-22 07:53,Acesso/Senha,Baixa,Resolvido,TI,Diego Alves,N2,0.6,48,Sim
INC-01921,2025-09-22 07:37,2025-09-22 20:55,Rede/Internet,Baixa,Resolvido,Diretoria,Diego Alves,N2,13.3,48,Sim
INC-01778,2025-09-22 07:59,2025-09-22 10:35,Hardware,Crítica,Resolvido,Operações,Ana Souza,N1,2.6,4,Sim
INC-02124,2025-09-22 09:08,2025-09-22 14:32,Hardware,Crítica,Resolvido,Comercial,Carlos Lima,N1,5.4,4,Não
INC-02189,2025-09-22 10:10,2025-09-22 11:34,Email,Média,Resolvido,RH,Ana Souza,N1,1.4,24,Sim
INC-01691,2025-09-22 11:32,2025-09-22 12:02,Acesso/Senha,Crítica,Resolvido,Operações,Ana Souza,N1,0.5,4,Sim
INC-01500,2025-09-22 13:32,2025-09-22 16:20,Software,Média,Resolvido,Operações,Diego Alves,N2,2.8,24,Sim
INC-00654,2025-09-22 13:35,2025-09-22 20:23,Impressora,Média,Resolvido,TI,Fernanda Cruz,N3,6.8,24,Sim
INC-01630,2025-09-22 14:32,2025-09-22 18:20,Software,Alta,Resolvido,Diretoria,Carlos Lima,N1,3.8,8,Sim
INC-01449,2025-09-22 15:21,2025-09-22 18:09,Acesso/Senha,Baixa,Resolvido,Operações,Diego Alves,N2,2.8,48,Sim
INC-02458,2025-09-23 07:05,2025-09-23 07:47,Acesso/Senha,Baixa,Resolvido,Logística,Ana Souza,N1,0.7,48,Sim
INC-00979,2025-09-23 11:57,2025-09-24 12:33,Hardware,Média,Resolvido,Comercial,Diego Alves,N2,24.6,24,Não
INC-01397,2025-09-25 07:17,2025-09-25 10:23,Software,Média,Resolvido,RH,Fernanda Cruz,N3,3.1,24,Sim
INC-01420,2025-09-25 07:47,2025-09-25 13:11,Impressora,Média,Resolvido,Comercial,Diego Alves,N2,5.4,24,Sim
INC-01943,2025-09-25 08:22,2025-09-25 09:52,Impressora,Baixa,Resolvido,Financeiro,Bruno Reis,N2,1.5,48,Sim
INC-01872,2025-09-25 12:53,2025-09-25 15:29,Acesso/Senha,Alta,Resolvido,Financeiro,Diego Alves,N2,2.6,8,Sim
INC-01611,2025-09-25 12:55,2025-09-27 20:01,Hardware,Média,Resolvido,Operações,Diego Alves,N2,55.1,24,Não
INC-00427,2025-09-25 12:56,2025-09-25 14:38,Acesso/Senha,Baixa,Resolvido,TI,Fernanda Cruz,N3,1.7,48,Sim
INC-02308,2025-09-25 13:37,2025-09-25 18:43,Email,Baixa,Resolvido,RH,Fernanda Cruz,N3,5.1,48,Sim
INC-01188,2025-09-26 07:39,2025-09-26 12:21,Software,Crítica,Resolvido,Logística,Bruno Reis,N2,4.7,4,Não
INC-01295,2025-09-26 07:54,2025-09-26 08:48,Acesso/Senha,Alta,Resolvido,TI,Ana Souza,N1,0.9,8,Sim
INC-00488,2025-09-26 10:00,2025-09-26 10:24,Email,Alta,Resolvido,Financeiro,Diego Alves,N2,0.4,8,Sim
INC-00295,2025-09-26 11:08,2025-09-26 13:32,Hardware,Alta,Resolvido,TI,Diego Alves,N2,2.4,8,Sim
INC-02325,2025-09-26 11:27,2025-09-26 12:03,Email,Média,Resolvido,Financeiro,Diego Alves,N2,0.6,24,Sim
INC-00208,2025-09-26 17:07,2025-09-26 19:31,Rede/Internet,Média,Resolvido,RH,Diego Alves,N2,2.4,24,Sim
INC-00251,2025-09-27 17:55,2025-09-27 19:19,Software,Baixa,Resolvido,Logística,Diego Alves,N2,1.4,48,Sim
INC-00249,2025-09-28 12:10,2025-09-28 14:28,Hardware,Alta,Resolvido,Diretoria,Diego Alves,N2,2.3,8,Sim
INC-01763,2025-09-29 08:58,2025-09-29 11:58,Rede/Internet,Média,Resolvido,Operações,Fernanda Cruz,N3,3.0,24,Sim
INC-00768,2025-09-29 10:43,2025-09-29 11:49,Software,Crítica,Resolvido,Diretoria,Carlos Lima,N1,1.1,4,Sim
INC-01889,2025-09-29 11:06,2025-09-29 13:36,Acesso/Senha,Baixa,Resolvido,Financeiro,Bruno Reis,N2,2.5,48,Sim
INC-01555,2025-09-29 11:16,2025-09-30 07:22,Impressora,Média,Resolvido,Operações,Bruno Reis,N2,20.1,24,Sim
INC-01474,2025-09-29 12:22,2025-09-29 15:46,Software,Alta,Resolvido,Comercial,Fernanda Cruz,N3,3.4,8,Sim
INC-00545,2025-09-29 13:35,2025-09-29 16:41,Acesso/Senha,Baixa,Resolvido,Diretoria,Carlos Lima,N1,3.1,48,Sim
INC-00180,2025-09-30 07:36,2025-10-03 09:24,Hardware,Baixa,Resolvido,Financeiro,Carlos Lima,N1,73.8,48,Não
INC-00784,2025-09-30 08:47,2025-09-30 11:59,Hardware,Média,Resolvido,RH,Bruno Reis,N2,3.2,24,Sim
INC-00859,2025-09-30 09:10,2025-09-30 11:52,Software,Crítica,Resolvido,Financeiro,Fernanda Cruz,N3,2.7,4,Sim
INC-01211,2025-09-30 13:55,2025-09-30 16:01,Email,Média,Resolvido,TI,Bruno Reis,N2,2.1,24,Sim
INC-01549,2025-09-30 14:58,2025-09-30 15:52,Software,Alta,Resolvido,RH,Carlos Lima,N1,0.9,8,Sim
INC-01087,2025-10-01 09:12,2025-10-01 12:06,Impressora,Média,Resolvido,Operações,Diego Alves,N2,2.9,24,Sim
INC-02158,2025-10-01 11:01,2025-10-01 18:37,Software,Média,Resolvido,RH,Bruno Reis,N2,7.6,24,Sim
INC-00056,2025-10-01 11:08,2025-10-02 01:32,Hardware,Crítica,Resolvido,RH,Bruno Reis,N2,14.4,4,Não
INC-01570,2025-10-01 13:22,2025-10-01 19:04,Software,Alta,Resolvido,Logística,Diego Alves,N2,5.7,8,Sim
INC-01725,2025-10-01 14:33,2025-10-04 06:15,Hardware,Média,Resolvido,Comercial,Fernanda Cruz,N3,63.7,24,Não
INC-00648,2025-10-02 10:31,2025-10-02 13:37,Software,Baixa,Resolvido,Financeiro,Ana Souza,N1,3.1,48,Sim
INC-01339,2025-10-02 10:40,2025-10-02 12:46,Acesso/Senha,Baixa,Resolvido,Operações,Carlos Lima,N1,2.1,48,Sim
INC-00718,2025-10-02 11:58,2025-10-02 12:10,Acesso/Senha,Média,Resolvido,RH,Fernanda Cruz,N3,0.2,24,Sim
INC-01913,2025-10-02 12:29,2025-10-02 15:41,Acesso/Senha,Baixa,Resolvido,Financeiro,Ana Souza,N1,3.2,48,Sim
INC-02369,2025-10-02 12:54,2025-10-02 13:06,Email,Média,Resolvido,Diretoria,Bruno Reis,N2,0.2,24,Sim
INC-00394,2025-10-03 13:56,2025-10-03 15:32,Hardware,Alta,Resolvido,TI,Fernanda Cruz,N3,1.6,8,Sim
INC-00160,2025-10-04 09:46,2025-10-04 12:16,Sistema Interno,Média,Resolvido,Operações,Fernanda Cruz,N3,2.5,24,Sim
INC-00647,2025-10-05 08:40,2025-10-05 09:40,Acesso/Senha,Baixa,Resolvido,Diretoria,Ana Souza,N1,1.0,48,Sim
INC-00845,2025-10-06 09:11,2025-10-06 21:59,Rede/Internet,Média,Resolvido,Operações,Carlos Lima,N1,12.8,24,Sim
INC-01024,2025-10-06 11:22,2025-10-06 13:34,Hardware,Baixa,Resolvido,RH,Ana Souza,N1,2.2,48,Sim
INC-02334,2025-10-06 11:35,2025-10-06 11:47,Rede/Internet,Alta,Resolvido,Diretoria,Diego Alves,N2,0.2,8,Sim
INC-00637,2025-10-06 15:09,2025-10-07 04:45,Software,Baixa,Resolvido,Diretoria,Diego Alves,N2,13.6,48,Sim
INC-01309,2025-10-07 12:01,2025-10-07 12:49,Rede/Internet,Baixa,Resolvido,Comercial,Bruno Reis,N2,0.8,48,Sim
INC-00005,2025-10-08 09:17,2025-10-08 12:35,Impressora,Crítica,Resolvido,RH,Ana Souza,N1,3.3,4,Sim
INC-01941,2025-10-08 11:34,2025-10-08 22:10,Hardware,Crítica,Resolvido,TI,Ana Souza,N1,10.6,4,Não
INC-00793,2025-10-08 12:56,2025-10-08 14:20,Sistema Interno,Média,Resolvido,Financeiro,Fernanda Cruz,N3,1.4,24,Sim
INC-00419,2025-10-08 13:58,2025-10-08 18:40,Rede/Internet,Média,Resolvido,Comercial,Diego Alves,N2,4.7,24,Sim
INC-00123,2025-10-09 09:29,2025-10-09 15:17,Software,Alta,Resolvido,RH,Ana Souza,N1,5.8,8,Sim
INC-01862,2025-10-09 10:18,2025-10-09 14:12,Rede/Internet,Média,Resolvido,Financeiro,Bruno Reis,N2,3.9,24,Sim
INC-00248,2025-10-09 10:48,2025-10-09 12:48,Acesso/Senha,Média,Resolvido,TI,Fernanda Cruz,N3,2.0,24,Sim
INC-00680,2025-10-09 14:11,2025-10-09 19:35,Acesso/Senha,Média,Resolvido,Logística,Diego Alves,N2,5.4,24,Sim
INC-00500,2025-10-10 07:51,2025-10-10 09:21,Acesso/Senha,Média,Resolvido,Logística,Fernanda Cruz,N3,1.5,24,Sim
INC-02454,2025-10-10 11:43,2025-10-10 23:13,Software,Baixa,Resolvido,TI,Carlos Lima,N1,11.5,48,Sim
INC-00927,2025-10-10 12:10,2025-10-11 18:22,Rede/Internet,Baixa,Resolvido,Comercial,Ana Souza,N1,30.2,48,Sim
INC-00725,2025-10-10 14:09,2025-10-10 15:09,Acesso/Senha,Alta,Resolvido,Comercial,Fernanda Cruz,N3,1.0,8,Sim
INC-01536,2025-10-11 09:22,2025-10-12 16:46,Hardware,Média,Resolvido,Comercial,Bruno Reis,N2,31.4,24,Não
INC-01173,2025-10-11 13:21,2025-10-11 14:21,Email,Crítica,Resolvido,TI,Ana Souza,N1,1.0,4,Sim
INC-01984,2025-10-12 11:01,2025-10-12 12:37,Acesso/Senha,Média,Resolvido,TI,Bruno Reis,N2,1.6,24,Sim
INC-01344,2025-10-13 07:01,2025-10-13 08:01,Rede/Internet,Alta,Resolvido,Operações,Diego Alves,N2,1.0,8,Sim
INC-01851,2025-10-13 07:19,2025-10-13 09:49,Hardware,Média,Resolvido,TI,Bruno Reis,N2,2.5,24,Sim
INC-00472,2025-10-13 07:22,2025-10-13 08:52,Acesso/Senha,Alta,Resolvido,TI,Fernanda Cruz,N3,1.5,8,Sim
INC-00939,2025-10-13 08:02,2025-10-13 14:50,Rede/Internet,Média,Resolvido,Financeiro,Carlos Lima,N1,6.8,24,Sim
INC-00189,2025-10-13 09:13,2025-10-13 14:43,Acesso/Senha,Média,Resolvido,Financeiro,Fernanda Cruz,N3,5.5,24,Sim
INC-01275,2025-10-13 09:16,2025-10-13 11:04,Acesso/Senha,Baixa,Resolvido,TI,Fernanda Cruz,N3,1.8,48,Sim
INC-00505,2025-10-13 11:07,2025-10-13 19:19,Hardware,Crítica,Resolvido,TI,Carlos Lima,N1,8.2,4,Não
INC-00568,2025-10-13 11:43,2025-10-14 10:01,Hardware,Baixa,Resolvido,TI,Bruno Reis,N2,22.3,48,Sim
INC-00460,2025-10-13 12:10,2025-10-13 14:28,Acesso/Senha,Média,Resolvido,Financeiro,Ana Souza,N1,2.3,24,Sim
INC-01544,2025-10-13 12:46,2025-10-13 18:40,Impressora,Média,Resolvido,Diretoria,Bruno Reis,N2,5.9,24,Sim
INC-01093,2025-10-13 13:13,2025-10-13 14:13,Acesso/Senha,Média,Resolvido,Comercial,Diego Alves,N2,1.0,24,Sim
INC-00713,2025-10-13 14:53,2025-10-13 17:23,Impressora,Média,Resolvido,TI,Diego Alves,N2,2.5,24,Sim
INC-01545,2025-10-14 08:34,2025-10-14 08:46,Acesso/Senha,Baixa,Resolvido,Comercial,Ana Souza,N1,0.2,48,Sim
INC-00526,2025-10-14 09:11,2025-10-14 09:29,Acesso/Senha,Alta,Resolvido,Comercial,Ana Souza,N1,0.3,8,Sim
INC-01287,2025-10-14 10:34,2025-10-14 11:16,Impressora,Alta,Resolvido,RH,Diego Alves,N2,0.7,8,Sim
INC-00300,2025-10-14 11:33,2025-10-14 13:45,Email,Média,Resolvido,TI,Diego Alves,N2,2.2,24,Sim
INC-01742,2025-10-14 14:53,2025-10-14 22:05,Hardware,Baixa,Resolvido,Financeiro,Diego Alves,N2,7.2,48,Sim
INC-01115,2025-10-14 17:15,2025-10-16 02:33,Sistema Interno,Baixa,Resolvido,Financeiro,Fernanda Cruz,N3,33.3,48,Sim
INC-01184,2025-10-15 10:22,2025-10-16 03:40,Software,Baixa,Resolvido,Operações,Carlos Lima,N1,17.3,48,Sim
INC-01904,2025-10-15 10:47,2025-10-15 13:29,Acesso/Senha,Baixa,Resolvido,Diretoria,Fernanda Cruz,N3,2.7,48,Sim
INC-01548,2025-10-15 13:32,2025-10-15 15:38,Rede/Internet,Média,Resolvido,Diretoria,Ana Souza,N1,2.1,24,Sim
INC-01269,2025-10-15 14:48,2025-10-15 17:36,Rede/Internet,Baixa,Resolvido,TI,Diego Alves,N2,2.8,48,Sim
INC-00571,2025-10-15 15:38,2025-10-15 18:20,Impressora,Alta,Resolvido,TI,Diego Alves,N2,2.7,8,Sim
INC-02191,2025-10-16 07:24,2025-10-16 09:48,Acesso/Senha,Baixa,Resolvido,Financeiro,Bruno Reis,N2,2.4,48,Sim
INC-00566,2025-10-16 07:45,2025-10-16 10:09,Impressora,Média,Resolvido,TI,Fernanda Cruz,N3,2.4,24,Sim
INC-00949,2025-10-16 10:04,2025-10-16 17:52,Rede/Internet,Crítica,Resolvido,Logística,Ana Souza,N1,7.8,4,Não
INC-01168,2025-10-16 11:28,2025-10-17 13:16,Software,Média,Resolvido,Logística,Carlos Lima,N1,25.8,24,Não
INC-02051,2025-10-16 12:04,2025-10-16 16:34,Software,Média,Resolvido,Operações,Diego Alves,N2,4.5,24,Sim
INC-01577,2025-10-17 08:22,2025-10-17 08:40,Email,Baixa,Resolvido,Logística,Carlos Lima,N1,0.3,48,Sim
INC-01695,2025-10-17 09:14,2025-10-17 09:38,Acesso/Senha,Alta,Resolvido,RH,Ana Souza,N1,0.4,8,Sim
INC-01780,2025-10-17 10:01,2025-10-17 20:55,Impressora,Média,Resolvido,Diretoria,Diego Alves,N2,10.9,24,Sim
INC-00894,2025-10-17 11:40,2025-10-17 14:10,Impressora,Alta,Resolvido,RH,Fernanda Cruz,N3,2.5,8,Sim
INC-01791,2025-10-17 12:23,2025-10-17 20:05,Acesso/Senha,Alta,Resolvido,Comercial,Ana Souza,N1,7.7,8,Sim
INC-02045,2025-10-17 14:34,2025-10-17 14:52,Rede/Internet,Crítica,Resolvido,Financeiro,Bruno Reis,N2,0.3,4,Sim
INC-01221,2025-10-18 10:26,2025-10-18 13:44,Hardware,Baixa,Resolvido,RH,Carlos Lima,N1,3.3,48,Sim
INC-00415,2025-10-19 08:47,2025-10-19 12:41,Impressora,Baixa,Resolvido,Financeiro,Carlos Lima,N1,3.9,48,Sim
INC-00037,2025-10-19 14:47,2025-10-19 19:23,Software,Baixa,Resolvido,Financeiro,Carlos Lima,N1,4.6,48,Sim
INC-00732,2025-10-20 07:40,2025-10-20 11:46,Hardware,Alta,Resolvido,Operações,Fernanda Cruz,N3,4.1,8,Sim
INC-01443,2025-10-20 08:03,2025-10-20 08:39,Acesso/Senha,Média,Resolvido,Comercial,Fernanda Cruz,N3,0.6,24,Sim
INC-02258,2025-10-20 09:00,2025-10-20 19:54,Rede/Internet,Baixa,Resolvido,Logística,Bruno Reis,N2,10.9,48,Sim
INC-02365,2025-10-20 10:43,2025-10-20 15:31,Hardware,Baixa,Resolvido,Diretoria,Carlos Lima,N1,4.8,48,Sim
INC-00277,2025-10-20 10:57,2025-10-20 17:21,Rede/Internet,Média,Resolvido,Operações,Bruno Reis,N2,6.4,24,Sim
INC-00308,2025-10-20 11:38,2025-10-21 17:14,Software,Média,Resolvido,Logística,Fernanda Cruz,N3,29.6,24,Não
INC-02093,2025-10-20 12:41,2025-10-20 15:11,Hardware,Baixa,Resolvido,Diretoria,Diego Alves,N2,2.5,48,Sim
INC-00252,2025-10-20 14:07,2025-10-20 16:31,Software,Baixa,Resolvido,Comercial,Fernanda Cruz,N3,2.4,48,Sim
INC-01883,2025-10-20 14:50,2025-10-20 22:44,Email,Baixa,Resolvido,Comercial,Carlos Lima,N1,7.9,48,Sim
INC-01029,2025-10-20 17:16,2025-10-20 18:52,Software,Média,Resolvido,Comercial,Fernanda Cruz,N3,1.6,24,Sim
INC-01136,2025-10-21 07:34,2025-10-23 17:16,Sistema Interno,Baixa,Resolvido,TI,Bruno Reis,N2,57.7,48,Não
INC-02027,2025-10-21 07:58,2025-10-21 08:10,Acesso/Senha,Média,Resolvido,TI,Diego Alves,N2,0.2,24,Sim
INC-00061,2025-10-21 11:44,2025-10-21 12:44,Rede/Internet,Baixa,Resolvido,Operações,Fernanda Cruz,N3,1.0,48,Sim
INC-02065,2025-10-21 14:06,2025-10-21 17:06,Software,Média,Resolvido,RH,Diego Alves,N2,3.0,24,Sim
INC-01402,2025-10-22 07:01,2025-10-22 15:25,Rede/Internet,Média,Resolvido,TI,Carlos Lima,N1,8.4,24,Sim
INC-01255,2025-10-22 11:11,2025-10-22 14:41,Software,Baixa,Resolvido,RH,Ana Souza,N1,3.5,48,Sim
INC-00284,2025-10-22 11:30,2025-10-23 00:30,Rede/Internet,Baixa,Resolvido,Financeiro,Bruno Reis,N2,13.0,48,Sim
INC-02474,2025-10-22 13:12,2025-10-23 13:18,Hardware,Baixa,Resolvido,Operações,Fernanda Cruz,N3,24.1,48,Sim
INC-01032,2025-10-22 13:54,2025-10-22 14:06,Acesso/Senha,Baixa,Resolvido,Financeiro,Diego Alves,N2,0.2,48,Sim
INC-00692,2025-10-23 07:38,2025-10-23 12:02,Acesso/Senha,Baixa,Resolvido,Financeiro,Diego Alves,N2,4.4,48,Sim
INC-01226,2025-10-23 08:08,2025-10-26 08:26,Rede/Internet,Baixa,Resolvido,Financeiro,Diego Alves,N2,72.3,48,Não
INC-02053,2025-10-23 10:56,2025-10-23 11:20,Acesso/Senha,Média,Resolvido,Operações,Diego Alves,N2,0.4,24,Sim
INC-00984,2025-10-23 11:06,2025-10-23 12:18,Acesso/Senha,Baixa,Resolvido,RH,Diego Alves,N2,1.2,48,Sim
INC-02169,2025-10-23 11:34,2025-10-23 13:46,Acesso/Senha,Média,Resolvido,Logística,Diego Alves,N2,2.2,24,Sim
INC-01283,2025-10-23 12:05,2025-10-23 19:23,Rede/Internet,Baixa,Resolvido,Comercial,Ana Souza,N1,7.3,48,Sim
INC-00499,2025-10-23 14:00,2025-10-24 06:54,Software,Média,Resolvido,Financeiro,Fernanda Cruz,N3,16.9,24,Sim
INC-01726,2025-10-24 07:44,2025-10-24 10:14,Software,Média,Resolvido,Logística,Bruno Reis,N2,2.5,24,Sim
INC-01631,2025-10-24 07:47,2025-10-27 00:59,Hardware,Baixa,Resolvido,RH,Fernanda Cruz,N3,65.2,48,Não
INC-02257,2025-10-24 09:44,2025-10-24 22:14,Hardware,Baixa,Resolvido,Diretoria,Fernanda Cruz,N3,12.5,48,Sim
INC-00632,2025-10-24 10:48,2025-10-24 15:54,Email,Baixa,Resolvido,Comercial,Ana Souza,N1,5.1,48,Sim
INC-00466,2025-10-24 13:47,2025-10-25 05:17,Hardware,Alta,Resolvido,Comercial,Ana Souza,N1,15.5,8,Não
INC-01789,2025-10-24 14:49,2025-10-24 17:31,Acesso/Senha,Média,Resolvido,Financeiro,Diego Alves,N2,2.7,24,Sim
INC-00885,2025-10-25 15:07,2025-10-25 16:25,Acesso/Senha,Crítica,Resolvido,Operações,Diego Alves,N2,1.3,4,Sim
INC-02345,2025-10-27 07:11,2025-10-27 09:35,Acesso/Senha,Crítica,Resolvido,TI,Diego Alves,N2,2.4,4,Sim
INC-01969,2025-10-27 08:27,2025-10-27 12:27,Acesso/Senha,Baixa,Resolvido,TI,Bruno Reis,N2,4.0,48,Sim
INC-01434,2025-10-27 08:43,2025-10-27 09:25,Software,Baixa,Resolvido,TI,Diego Alves,N2,0.7,48,Sim
INC-01018,2025-10-27 10:41,2025-10-28 10:35,Rede/Internet,Baixa,Resolvido,Operações,Carlos Lima,N1,23.9,48,Sim
INC-01819,2025-10-27 11:40,2025-10-28 12:22,Sistema Interno,Baixa,Resolvido,Financeiro,Bruno Reis,N2,24.7,48,Sim
INC-01005,2025-10-27 12:11,2025-10-27 17:23,Rede/Internet,Média,Resolvido,TI,Bruno Reis,N2,5.2,24,Sim
INC-00759,2025-10-27 12:17,2025-10-27 18:59,Hardware,Média,Resolvido,Comercial,Diego Alves,N2,6.7,24,Sim
INC-00961,2025-10-27 13:49,2025-10-27 16:43,Acesso/Senha,Média,Resolvido,Logística,Bruno Reis,N2,2.9,24,Sim
INC-01256,2025-10-27 14:58,2025-10-27 16:10,Hardware,Alta,Resolvido,Logística,Ana Souza,N1,1.2,8,Sim
INC-01646,2025-10-27 15:53,2025-10-27 17:59,Impressora,Baixa,Resolvido,Diretoria,Fernanda Cruz,N3,2.1,48,Sim
INC-01096,2025-10-28 10:28,2025-10-28 15:10,Acesso/Senha,Baixa,Resolvido,Operações,Ana Souza,N1,4.7,48,Sim
INC-01318,2025-10-28 12:26,2025-10-28 14:26,Acesso/Senha,Baixa,Resolvido,RH,Bruno Reis,N2,2.0,48,Sim
INC-01132,2025-10-29 11:37,2025-10-30 15:25,Hardware,Baixa,Resolvido,Comercial,Bruno Reis,N2,27.8,48,Sim
INC-01053,2025-10-29 14:19,2025-10-29 22:31,Software,Média,Resolvido,Diretoria,Carlos Lima,N1,8.2,24,Sim
INC-02433,2025-10-29 14:54,2025-10-30 08:06,Sistema Interno,Média,Resolvido,Operações,Carlos Lima,N1,17.2,24,Sim
INC-01319,2025-10-30 07:42,2025-10-30 22:12,Hardware,Alta,Resolvido,Financeiro,Fernanda Cruz,N3,14.5,8,Não
INC-02070,2025-10-30 10:13,2025-10-30 15:01,Software,Média,Resolvido,TI,Diego Alves,N2,4.8,24,Sim
INC-01757,2025-10-30 14:57,2025-10-30 20:39,Email,Média,Resolvido,RH,Diego Alves,N2,5.7,24,Sim
INC-01679,2025-10-31 09:20,2025-10-31 23:38,Hardware,Média,Resolvido,Comercial,Bruno Reis,N2,14.3,24,Sim
INC-00226,2025-10-31 11:45,2025-10-31 12:45,Acesso/Senha,Média,Resolvido,Diretoria,Ana Souza,N1,1.0,24,Sim
INC-02494,2025-10-31 12:33,2025-10-31 18:33,Email,Média,Resolvido,Diretoria,Diego Alves,N2,6.0,24,Sim
INC-01863,2025-10-31 12:56,2025-10-31 14:44,Email,Baixa,Resolvido,Operações,Diego Alves,N2,1.8,48,Sim
INC-01582,2025-11-01 10:45,2025-11-01 12:51,Software,Alta,Resolvido,Comercial,Carlos Lima,N1,2.1,8,Sim
INC-00453,2025-11-02 12:10,2025-11-02 22:28,Email,Média,Resolvido,Operações,Bruno Reis,N2,10.3,24,Sim
INC-00127,2025-11-02 15:56,2025-11-03 02:50,Software,Média,Resolvido,Operações,Fernanda Cruz,N3,10.9,24,Sim
INC-02009,2025-11-03 07:24,2025-11-05 08:42,Hardware,Média,Resolvido,Financeiro,Fernanda Cruz,N3,49.3,24,Não
INC-02111,2025-11-03 08:17,2025-11-03 17:05,Email,Média,Resolvido,Logística,Carlos Lima,N1,8.8,24,Sim
INC-02199,2025-11-03 08:39,2025-11-03 12:09,Rede/Internet,Média,Resolvido,RH,Ana Souza,N1,3.5,24,Sim
INC-02129,2025-11-03 09:06,2025-11-03 23:48,Software,Baixa,Resolvido,Operações,Ana Souza,N1,14.7,48,Sim
INC-00454,2025-11-03 11:26,2025-11-03 22:20,Email,Alta,Resolvido,Logística,Bruno Reis,N2,10.9,8,Não
INC-01624,2025-11-03 11:41,2025-11-03 13:53,Acesso/Senha,Baixa,Resolvido,Operações,Ana Souza,N1,2.2,48,Sim
INC-01755,2025-11-03 12:30,2025-11-03 13:00,Acesso/Senha,Média,Resolvido,Comercial,Carlos Lima,N1,0.5,24,Sim
INC-00312,2025-11-03 12:50,2025-11-03 18:08,Hardware,Crítica,Resolvido,RH,Ana Souza,N1,5.3,4,Não
INC-02475,2025-11-03 13:38,2025-11-03 14:38,Acesso/Senha,Média,Resolvido,TI,Bruno Reis,N2,1.0,24,Sim
INC-01557,2025-11-03 15:10,2025-11-03 19:28,Email,Alta,Resolvido,RH,Ana Souza,N1,4.3,8,Sim
INC-01520,2025-11-04 09:57,2025-11-04 15:27,Rede/Internet,Alta,Resolvido,Operações,Bruno Reis,N2,5.5,8,Sim
INC-01671,2025-11-04 11:02,2025-11-04 13:50,Rede/Internet,Baixa,Resolvido,RH,Carlos Lima,N1,2.8,48,Sim
INC-01736,2025-11-04 11:19,2025-11-04 13:43,Rede/Internet,Baixa,Resolvido,RH,Diego Alves,N2,2.4,48,Sim
INC-02328,2025-11-04 11:53,2025-11-04 15:17,Sistema Interno,Baixa,Resolvido,Operações,Diego Alves,N2,3.4,48,Sim
INC-01142,2025-11-05 07:14,2025-11-05 18:38,Rede/Internet,Baixa,Resolvido,Operações,Diego Alves,N2,11.4,48,Sim
INC-01361,2025-11-05 09:25,2025-11-05 10:55,Acesso/Senha,Média,Resolvido,Logística,Ana Souza,N1,1.5,24,Sim
INC-01804,2025-11-05 09:26,2025-11-05 12:14,Acesso/Senha,Média,Resolvido,TI,Fernanda Cruz,N3,2.8,24,Sim
INC-00269,2025-11-05 11:32,2025-11-05 14:32,Rede/Internet,Baixa,Resolvido,Operações,Bruno Reis,N2,3.0,48,Sim
INC-01706,2025-11-06 08:51,2025-11-06 11:27,Impressora,Baixa,Resolvido,RH,Bruno Reis,N2,2.6,48,Sim
INC-00292,2025-11-06 11:58,2025-11-06 13:22,Acesso/Senha,Baixa,Resolvido,Diretoria,Diego Alves,N2,1.4,48,Sim
INC-02416,2025-11-07 10:29,2025-11-07 11:11,Acesso/Senha,Baixa,Resolvido,Financeiro,Ana Souza,N1,0.7,48,Sim
INC-01194,2025-11-08 10:21,2025-11-09 05:09,Hardware,Média,Resolvido,Logística,Bruno Reis,N2,18.8,24,Sim
INC-01031,2025-11-10 07:59,2025-11-10 14:35,Hardware,Média,Resolvido,Financeiro,Fernanda Cruz,N3,6.6,24,Sim
INC-01302,2025-11-10 10:19,2025-11-10 12:37,Hardware,Baixa,Resolvido,TI,Bruno Reis,N2,2.3,48,Sim
INC-02237,2025-11-10 11:31,2025-11-10 14:55,Impressora,Média,Resolvido,RH,Ana Souza,N1,3.4,24,Sim
INC-00497,2025-11-10 11:39,2025-11-10 17:45,Software,Alta,Resolvido,Comercial,Carlos Lima,N1,6.1,8,Sim
INC-01615,2025-11-10 12:03,2025-11-11 07:15,Rede/Internet,Baixa,Resolvido,Logística,Fernanda Cruz,N3,19.2,48,Sim
INC-02459,2025-11-10 16:35,2025-11-10 18:11,Impressora,Média,Resolvido,Financeiro,Fernanda Cruz,N3,1.6,24,Sim
INC-00137,2025-11-11 12:49,2025-11-11 22:37,Hardware,Alta,Resolvido,Logística,Diego Alves,N2,9.8,8,Não
INC-00650,2025-11-11 15:17,2025-11-11 15:29,Acesso/Senha,Alta,Resolvido,RH,Diego Alves,N2,0.2,8,Sim
INC-02001,2025-11-12 08:57,2025-11-12 20:15,Sistema Interno,Crítica,Resolvido,Diretoria,Fernanda Cruz,N3,11.3,4,Não
INC-01864,2025-11-12 10:37,2025-11-12 13:07,Email,Crítica,Resolvido,Financeiro,Fernanda Cruz,N3,2.5,4,Sim
INC-00379,2025-11-12 11:13,2025-11-12 12:25,Software,Crítica,Resolvido,Comercial,Fernanda Cruz,N3,1.2,4,Sim
INC-01109,2025-11-12 11:57,2025-11-12 13:51,Hardware,Crítica,Resolvido,Logística,Fernanda Cruz,N3,1.9,4,Sim
INC-01698,2025-11-12 14:22,2025-11-12 14:34,Software,Média,Resolvido,Operações,Bruno Reis,N2,0.2,24,Sim
INC-01161,2025-11-13 09:08,2025-11-14 11:14,Impressora,Média,Resolvido,Comercial,Fernanda Cruz,N3,26.1,24,Não
INC-00652,2025-11-13 11:24,2025-11-13 22:24,Rede/Internet,Baixa,Resolvido,Comercial,Fernanda Cruz,N3,11.0,48,Sim
INC-00070,2025-11-13 12:09,2025-11-13 12:21,Impressora,Alta,Resolvido,TI,Ana Souza,N1,0.2,8,Sim
INC-00418,2025-11-14 07:05,2025-11-14 15:29,Email,Baixa,Resolvido,TI,Ana Souza,N1,8.4,48,Sim
INC-02022,2025-11-14 07:12,2025-11-14 11:30,Acesso/Senha,Baixa,Resolvido,TI,Bruno Reis,N2,4.3,48,Sim
INC-02159,2025-11-14 07:29,2025-11-15 03:53,Rede/Internet,Baixa,Resolvido,Operações,Fernanda Cruz,N3,20.4,48,Sim
INC-01350,2025-11-14 14:25,2025-11-14 20:13,Hardware,Média,Resolvido,Comercial,Carlos Lima,N1,5.8,24,Sim
INC-01971,2025-11-14 15:31,2025-11-14 16:55,Acesso/Senha,Média,Resolvido,Financeiro,Fernanda Cruz,N3,1.4,24,Sim
INC-01237,2025-11-17 07:29,2025-11-17 08:17,Acesso/Senha,Crítica,Resolvido,Operações,Carlos Lima,N1,0.8,4,Sim
INC-02052,2025-11-17 07:34,2025-11-17 15:28,Software,Baixa,Resolvido,Comercial,Fernanda Cruz,N3,7.9,48,Sim
INC-01714,2025-11-17 08:02,2025-11-17 15:26,Software,Baixa,Resolvido,Logística,Diego Alves,N2,7.4,48,Sim
INC-01000,2025-11-17 09:12,2025-11-17 09:42,Email,Média,Resolvido,Financeiro,Bruno Reis,N2,0.5,24,Sim
INC-00934,2025-11-17 09:16,2025-11-17 10:22,Acesso/Senha,Baixa,Resolvido,RH,Fernanda Cruz,N3,1.1,48,Sim
INC-02221,2025-11-17 10:02,2025-11-17 15:38,Hardware,Baixa,Resolvido,Operações,Carlos Lima,N1,5.6,48,Sim
INC-00678,2025-11-17 11:07,2025-11-17 11:31,Acesso/Senha,Média,Resolvido,Comercial,Fernanda Cruz,N3,0.4,24,Sim
INC-02471,2025-11-17 11:51,2025-11-17 16:39,Impressora,Média,Resolvido,Financeiro,Ana Souza,N1,4.8,24,Sim
INC-01553,2025-11-17 15:20,2025-11-17 16:32,Email,Baixa,Resolvido,TI,Carlos Lima,N1,1.2,48,Sim
INC-02017,2025-11-18 07:59,2025-11-18 13:05,Software,Média,Resolvido,Comercial,Ana Souza,N1,5.1,24,Sim
INC-01316,2025-11-18 10:58,2025-11-18 12:04,Acesso/Senha,Média,Resolvido,Diretoria,Fernanda Cruz,N3,1.1,24,Sim
INC-01774,2025-11-18 12:17,2025-11-18 14:29,Email,Alta,Resolvido,Comercial,Ana Souza,N1,2.2,8,Sim
INC-00219,2025-11-18 14:20,2025-11-18 18:38,Acesso/Senha,Baixa,Resolvido,Diretoria,Ana Souza,N1,4.3,48,Sim
INC-00544,2025-11-19 08:39,2025-11-19 11:21,Acesso/Senha,Baixa,Resolvido,RH,Ana Souza,N1,2.7,48,Sim
INC-01009,2025-11-19 11:14,2025-11-19 23:32,Software,Baixa,Resolvido,Comercial,Bruno Reis,N2,12.3,48,Sim
INC-00688,2025-11-19 12:09,2025-11-19 13:09,Acesso/Senha,Baixa,Resolvido,Comercial,Fernanda Cruz,N3,1.0,48,Sim
INC-00092,2025-11-19 13:14,2025-11-20 00:08,Software,Média,Resolvido,TI,Fernanda Cruz,N3,10.9,24,Sim
INC-00819,2025-11-20 10:07,2025-11-20 12:55,Hardware,Baixa,Resolvido,Logística,Carlos Lima,N1,2.8,48,Sim
INC-01663,2025-11-20 10:30,2025-11-20 12:54,Acesso/Senha,Baixa,Resolvido,Operações,Fernanda Cruz,N3,2.4,48,Sim
INC-01061,2025-11-20 10:59,2025-11-20 14:11,Acesso/Senha,Baixa,Resolvido,Financeiro,Bruno Reis,N2,3.2,48,Sim
INC-01954,2025-11-20 11:11,2025-11-20 11:29,Acesso/Senha,Alta,Resolvido,Operações,Diego Alves,N2,0.3,8,Sim
INC-00223,2025-11-20 11:34,2025-11-20 21:46,Rede/Internet,Média,Resolvido,Logística,Bruno Reis,N2,10.2,24,Sim
INC-01181,2025-11-20 11:48,2025-11-20 16:48,Hardware,Média,Resolvido,Financeiro,Ana Souza,N1,5.0,24,Sim
INC-00735,2025-11-20 13:30,2025-11-20 15:06,Hardware,Baixa,Resolvido,Comercial,Carlos Lima,N1,1.6,48,Sim
INC-02350,2025-11-20 13:53,2025-11-20 14:11,Impressora,Crítica,Resolvido,Diretoria,Fernanda Cruz,N3,0.3,4,Sim
INC-00987,2025-11-20 14:51,2025-11-21 00:03,Software,Média,Resolvido,Comercial,Diego Alves,N2,9.2,24,Sim
INC-02243,2025-11-21 08:41,2025-11-21 08:59,Software,Baixa,Resolvido,Logística,Fernanda Cruz,N3,0.3,48,Sim
INC-01202,2025-11-21 12:04,2025-11-22 01:46,Hardware,Baixa,Resolvido,TI,Carlos Lima,N1,13.7,48,Sim
INC-01315,2025-11-21 12:18,2025-11-21 22:42,Rede/Internet,Alta,Resolvido,Financeiro,Diego Alves,N2,10.4,8,Não
INC-00107,2025-11-21 16:55,2025-11-21 19:55,Acesso/Senha,Média,Resolvido,Financeiro,Carlos Lima,N1,3.0,24,Sim
INC-00878,2025-11-21 17:19,2025-11-21 18:31,Acesso/Senha,Baixa,Resolvido,Diretoria,Diego Alves,N2,1.2,48,Sim
INC-00995,2025-11-21 17:32,2025-11-21 17:44,Rede/Internet,Baixa,Resolvido,Comercial,Ana Souza,N1,0.2,48,Sim
INC-00919,2025-11-22 09:54,2025-11-22 10:30,Acesso/Senha,Alta,Resolvido,Operações,Fernanda Cruz,N3,0.6,8,Sim
INC-01907,2025-11-22 10:01,2025-11-22 10:43,Email,Baixa,Resolvido,Operações,Fernanda Cruz,N3,0.7,48,Sim
INC-00028,2025-11-23 07:39,2025-11-23 08:33,Software,Baixa,Resolvido,Financeiro,Bruno Reis,N2,0.9,48,Sim
INC-02007,2025-11-23 10:57,2025-11-23 11:57,Acesso/Senha,Média,Resolvido,Financeiro,Ana Souza,N1,1.0,24,Sim
INC-00788,2025-11-23 11:11,2025-11-23 18:05,Acesso/Senha,Média,Resolvido,Financeiro,Fernanda Cruz,N3,6.9,24,Sim
INC-00687,2025-11-23 11:13,2025-11-23 13:13,Acesso/Senha,Média,Resolvido,Diretoria,Ana Souza,N1,2.0,24,Sim
INC-01114,2025-11-24 09:51,2025-11-24 11:39,Hardware,Média,Resolvido,Financeiro,Ana Souza,N1,1.8,24,Sim
INC-02081,2025-11-24 09:58,2025-11-24 10:52,Acesso/Senha,Baixa,Resolvido,RH,Diego Alves,N2,0.9,48,Sim
INC-00420,2025-11-24 10:33,2025-11-24 13:51,Software,Alta,Resolvido,Operações,Fernanda Cruz,N3,3.3,8,Sim
INC-00513,2025-11-24 10:35,2025-11-24 10:47,Rede/Internet,Crítica,Resolvido,Diretoria,Fernanda Cruz,N3,0.2,4,Sim
INC-02215,2025-11-24 12:48,2025-11-25 10:24,Software,Média,Resolvido,RH,Carlos Lima,N1,21.6,24,Sim
INC-02005,2025-11-24 13:37,2025-11-24 14:31,Acesso/Senha,Média,Resolvido,Financeiro,Carlos Lima,N1,0.9,24,Sim
INC-02351,2025-11-24 13:49,2025-11-24 22:49,Email,Baixa,Resolvido,Comercial,Ana Souza,N1,9.0,48,Sim
INC-01426,2025-11-24 14:49,2025-11-24 15:13,Software,Alta,Resolvido,Diretoria,Fernanda Cruz,N3,0.4,8,Sim
INC-01677,2025-11-24 15:58,2025-11-24 17:28,Software,Alta,Resolvido,RH,Fernanda Cruz,N3,1.5,8,Sim
INC-00619,2025-11-24 16:30,2025-11-24 16:54,Acesso/Senha,Baixa,Resolvido,RH,Carlos Lima,N1,0.4,48,Sim
INC-00695,2025-11-25 10:02,2025-11-26 08:20,Rede/Internet,Baixa,Resolvido,Financeiro,Diego Alves,N2,22.3,48,Sim
INC-00410,2025-11-25 11:20,2025-11-25 13:44,Acesso/Senha,Média,Resolvido,Diretoria,Ana Souza,N1,2.4,24,Sim
INC-01041,2025-11-25 12:26,2025-11-25 13:14,Software,Baixa,Resolvido,Diretoria,Diego Alves,N2,0.8,48,Sim
INC-02156,2025-11-25 13:21,2025-11-25 17:21,Rede/Internet,Média,Resolvido,Logística,Diego Alves,N2,4.0,24,Sim
INC-02248,2025-11-25 14:19,2025-11-26 00:01,Software,Média,Resolvido,TI,Fernanda Cruz,N3,9.7,24,Sim
INC-00264,2025-11-26 08:41,2025-11-26 10:41,Email,Baixa,Resolvido,Operações,Fernanda Cruz,N3,2.0,48,Sim
INC-01657,2025-11-26 09:53,2025-11-26 11:41,Acesso/Senha,Média,Resolvido,TI,Fernanda Cruz,N3,1.8,24,Sim
INC-02348,2025-11-26 10:38,2025-11-26 23:32,Impressora,Média,Resolvido,RH,Fernanda Cruz,N3,12.9,24,Sim
INC-00789,2025-11-26 11:01,2025-11-26 17:13,Software,Média,Resolvido,Comercial,Fernanda Cruz,N3,6.2,24,Sim
INC-01219,2025-11-27 09:09,2025-11-27 11:57,Email,Média,Resolvido,Logística,Carlos Lima,N1,2.8,24,Sim
INC-00247,2025-11-27 09:31,2025-11-29 02:31,Software,Baixa,Resolvido,TI,Carlos Lima,N1,41.0,48,Sim
INC-02344,2025-11-27 10:31,2025-11-27 10:43,Email,Crítica,Resolvido,Operações,Bruno Reis,N2,0.2,4,Sim
INC-01377,2025-11-27 10:46,2025-11-27 11:28,Email,Média,Resolvido,RH,Bruno Reis,N2,0.7,24,Sim
INC-00773,2025-11-28 08:18,2025-11-28 12:54,Software,Baixa,Resolvido,Financeiro,Ana Souza,N1,4.6,48,Sim
INC-01786,2025-11-28 11:40,2025-11-28 18:22,Acesso/Senha,Baixa,Resolvido,TI,Bruno Reis,N2,6.7,48,Sim
INC-01189,2025-11-28 12:15,2025-11-28 14:03,Software,Média,Resolvido,Operações,Fernanda Cruz,N3,1.8,24,Sim
INC-00120,2025-11-28 13:53,2025-11-28 20:11,Acesso/Senha,Baixa,Resolvido,Logística,Carlos Lima,N1,6.3,48,Sim
INC-01268,2025-11-28 19:59,2025-11-28 20:35,Impressora,Crítica,Resolvido,RH,Ana Souza,N1,0.6,4,Sim
INC-02500,2025-11-30 07:18,2025-11-30 08:42,Acesso/Senha,Média,Resolvido,Financeiro,Fernanda Cruz,N3,1.4,24,Sim
INC-01271,2025-12-01 07:22,2025-12-02 10:52,Rede/Internet,Baixa,Resolvido,Diretoria,Diego Alves,N2,27.5,48,Sim
INC-00690,2025-12-01 07:54,2025-12-01 16:00,Hardware,Média,Resolvido,RH,Fernanda Cruz,N3,8.1,24,Sim
INC-00392,2025-12-01 09:58,2025-12-01 18:04,Rede/Internet,Baixa,Resolvido,Comercial,Ana Souza,N1,8.1,48,Sim
INC-01247,2025-12-01 12:14,2025-12-01 12:56,Acesso/Senha,Média,Resolvido,Operações,Fernanda Cruz,N3,0.7,24,Sim
INC-01597,2025-12-01 12:15,2025-12-01 13:45,Email,Alta,Resolvido,TI,Carlos Lima,N1,1.5,8,Sim
INC-00501,2025-12-01 13:23,2025-12-01 18:05,Acesso/Senha,Média,Resolvido,Logística,Diego Alves,N2,4.7,24,Sim
INC-00744,2025-12-01 13:28,2025-12-01 15:52,Acesso/Senha,Baixa,Resolvido,Financeiro,Fernanda Cruz,N3,2.4,48,Sim
INC-01462,2025-12-01 15:19,2025-12-02 00:25,Software,Baixa,Resolvido,Logística,Carlos Lima,N1,9.1,48,Sim
INC-01422,2025-12-01 15:30,2025-12-01 21:48,Rede/Internet,Baixa,Resolvido,Operações,Carlos Lima,N1,6.3,48,Sim
INC-02211,2025-12-01 16:24,2025-12-01 20:06,Rede/Internet,Crítica,Resolvido,Financeiro,Ana Souza,N1,3.7,4,Sim
INC-01394,2025-12-01 16:49,2025-12-02 10:25,Hardware,Baixa,Resolvido,Logística,Fernanda Cruz,N3,17.6,48,Sim
INC-02029,2025-12-01 19:32,2025-12-01 23:32,Acesso/Senha,Média,Resolvido,Logística,Ana Souza,N1,4.0,24,Sim
INC-00834,2025-12-02 09:02,2025-12-02 10:20,Rede/Internet,Alta,Resolvido,Comercial,Ana Souza,N1,1.3,8,Sim
INC-00201,2025-12-02 11:14,2025-12-02 19:56,Software,Média,Resolvido,Operações,Carlos Lima,N1,8.7,24,Sim
INC-00435,2025-12-02 12:42,2025-12-02 14:18,Acesso/Senha,Média,Resolvido,Comercial,Fernanda Cruz,N3,1.6,24,Sim
INC-00478,2025-12-02 14:36,2025-12-02 18:54,Software,Média,Resolvido,Operações,Diego Alves,N2,4.3,24,Sim
INC-02151,2025-12-02 15:51,2025-12-02 23:57,Software,Alta,Resolvido,RH,Fernanda Cruz,N3,8.1,8,Não
INC-00034,2025-12-03 12:28,2025-12-04 04:22,Hardware,Crítica,Resolvido,Operações,Ana Souza,N1,15.9,4,Não
INC-02183,2025-12-03 15:00,2025-12-03 19:48,Acesso/Senha,Baixa,Resolvido,Logística,Ana Souza,N1,4.8,48,Sim
INC-00203,2025-12-04 07:03,2025-12-04 07:45,Impressora,Baixa,Resolvido,Operações,Fernanda Cruz,N3,0.7,48,Sim
INC-01243,2025-12-04 07:21,2025-12-04 09:27,Rede/Internet,Baixa,Resolvido,TI,Diego Alves,N2,2.1,48,Sim
INC-01621,2025-12-04 07:37,2025-12-04 14:37,Rede/Internet,Baixa,Resolvido,Financeiro,Bruno Reis,N2,7.0,48,Sim
INC-00202,2025-12-04 07:44,2025-12-04 14:32,Email,Média,Resolvido,Operações,Fernanda Cruz,N3,6.8,24,Sim
INC-02203,2025-12-04 09:23,2025-12-04 11:11,Rede/Internet,Baixa,Resolvido,Logística,Carlos Lima,N1,1.8,48,Sim
INC-01614,2025-12-04 11:04,2025-12-04 13:10,Impressora,Média,Resolvido,TI,Bruno Reis,N2,2.1,24,Sim
INC-02299,2025-12-04 11:40,2025-12-05 16:04,Hardware,Média,Resolvido,Financeiro,Diego Alves,N2,28.4,24,Não
INC-01853,2025-12-05 07:47,2025-12-05 09:17,Acesso/Senha,Média,Resolvido,Financeiro,Fernanda Cruz,N3,1.5,24,Sim
INC-01101,2025-12-05 08:47,2025-12-05 13:35,Rede/Internet,Média,Resolvido,Diretoria,Fernanda Cruz,N3,4.8,24,Sim
INC-00225,2025-12-05 13:01,2025-12-05 16:07,Acesso/Senha,Alta,Resolvido,TI,Ana Souza,N1,3.1,8,Sim
INC-01432,2025-12-05 14:18,2025-12-05 23:42,Software,Média,Resolvido,Operações,Diego Alves,N2,9.4,24,Sim
INC-01310,2025-12-05 15:38,2025-12-05 18:38,Rede/Internet,Alta,Resolvido,Diretoria,Carlos Lima,N1,3.0,8,Sim
INC-00790,2025-12-08 07:22,2025-12-08 07:34,Acesso/Senha,Média,Resolvido,Logística,Carlos Lima,N1,0.2,24,Sim
INC-02145,2025-12-08 07:53,2025-12-08 08:05,Email,Alta,Resolvido,Logística,Ana Souza,N1,0.2,8,Sim
INC-00217,2025-12-08 08:15,2025-12-09 04:57,Hardware,Média,Resolvido,Financeiro,Diego Alves,N2,20.7,24,Sim
INC-01594,2025-12-08 08:20,2025-12-08 08:38,Acesso/Senha,Média,Resolvido,Financeiro,Ana Souza,N1,0.3,24,Sim
INC-02319,2025-12-08 08:46,2025-12-08 09:10,Software,Crítica,Resolvido,Diretoria,Ana Souza,N1,0.4,4,Sim
INC-00009,2025-12-08 11:23,2025-12-09 00:29,Hardware,Baixa,Resolvido,Diretoria,Ana Souza,N1,13.1,48,Sim
INC-01272,2025-12-08 11:31,2025-12-09 17:49,Hardware,Baixa,Resolvido,Comercial,Ana Souza,N1,30.3,48,Sim
INC-00064,2025-12-08 12:48,2025-12-08 13:54,Acesso/Senha,Média,Resolvido,Operações,Carlos Lima,N1,1.1,24,Sim
INC-01065,2025-12-08 12:49,2025-12-09 19:25,Software,Baixa,Resolvido,TI,Ana Souza,N1,30.6,48,Sim
INC-01465,2025-12-08 13:02,2025-12-08 21:38,Rede/Internet,Baixa,Resolvido,Diretoria,Ana Souza,N1,8.6,48,Sim
INC-02470,2025-12-08 13:03,2025-12-08 15:51,Impressora,Média,Resolvido,Operações,Fernanda Cruz,N3,2.8,24,Sim
INC-00772,2025-12-08 13:39,2025-12-08 17:57,Email,Média,Resolvido,Logística,Bruno Reis,N2,4.3,24,Sim
INC-00134,2025-12-08 13:56,2025-12-08 20:32,Software,Baixa,Resolvido,Logística,Bruno Reis,N2,6.6,48,Sim
INC-00158,2025-12-09 08:27,2025-12-09 08:45,Software,Crítica,Resolvido,Operações,Diego Alves,N2,0.3,4,Sim
INC-01850,2025-12-09 11:40,2025-12-09 17:58,Software,Baixa,Resolvido,Operações,Fernanda Cruz,N3,6.3,48,Sim
INC-00408,2025-12-10 09:14,2025-12-10 15:56,Software,Média,Resolvido,Comercial,Ana Souza,N1,6.7,24,Sim
INC-01059,2025-12-10 10:48,2025-12-10 12:00,Email,Baixa,Resolvido,RH,Bruno Reis,N2,1.2,48,Sim
INC-02110,2025-12-10 11:01,2025-12-10 16:37,Impressora,Baixa,Resolvido,Comercial,Ana Souza,N1,5.6,48,Sim
INC-01815,2025-12-10 13:01,2025-12-10 13:13,Software,Alta,Resolvido,TI,Diego Alves,N2,0.2,8,Sim
INC-00164,2025-12-10 13:18,2025-12-10 15:48,Hardware,Crítica,Resolvido,TI,Diego Alves,N2,2.5,4,Sim
INC-02451,2025-12-11 14:16,2025-12-12 06:22,Rede/Internet,Baixa,Resolvido,Logística,Bruno Reis,N2,16.1,48,Sim
INC-01317,2025-12-11 15:38,2025-12-12 00:56,Impressora,Baixa,Resolvido,Diretoria,Ana Souza,N1,9.3,48,Sim
INC-00093,2025-12-12 08:19,2025-12-12 10:55,Acesso/Senha,Baixa,Resolvido,TI,Fernanda Cruz,N3,2.6,48,Sim
INC-01719,2025-12-12 08:27,2025-12-12 10:03,Acesso/Senha,Crítica,Resolvido,Diretoria,Bruno Reis,N2,1.6,4,Sim
INC-01368,2025-12-12 12:56,2025-12-12 23:02,Acesso/Senha,Baixa,Resolvido,Logística,Carlos Lima,N1,10.1,48,Sim
INC-01900,2025-12-12 14:33,2025-12-12 20:33,Acesso/Senha,Alta,Resolvido,Diretoria,Fernanda Cruz,N3,6.0,8,Sim
INC-01779,2025-12-13 11:42,2025-12-13 12:24,Email,Alta,Resolvido,TI,Ana Souza,N1,0.7,8,Sim
INC-00512,2025-12-15 08:13,2025-12-15 09:19,Email,Baixa,Resolvido,Logística,Bruno Reis,N2,1.1,48,Sim
INC-00470,2025-12-15 08:39,2025-12-15 09:09,Acesso/Senha,Baixa,Resolvido,TI,Bruno Reis,N2,0.5,48,Sim
INC-00862,2025-12-15 10:27,2025-12-15 13:21,Software,Crítica,Resolvido,Comercial,Ana Souza,N1,2.9,4,Sim
INC-00303,2025-12-15 10:40,2025-12-15 11:04,Software,Média,Resolvido,RH,Ana Souza,N1,0.4,24,Sim
INC-01608,2025-12-15 12:00,2025-12-15 12:12,Acesso/Senha,Baixa,Resolvido,TI,Ana Souza,N1,0.2,48,Sim
INC-00066,2025-12-15 12:40,2025-12-16 03:58,Acesso/Senha,Baixa,Resolvido,Logística,Bruno Reis,N2,15.3,48,Sim
INC-01787,2025-12-15 13:28,2025-12-15 13:40,Acesso/Senha,Crítica,Resolvido,TI,Ana Souza,N1,0.2,4,Sim
INC-00891,2025-12-15 13:52,2025-12-15 14:40,Impressora,Baixa,Resolvido,Operações,Diego Alves,N2,0.8,48,Sim
INC-02216,2025-12-15 15:46,2025-12-16 06:40,Software,Baixa,Resolvido,Operações,Diego Alves,N2,14.9,48,Sim
INC-00360,2025-12-16 10:26,2025-12-16 14:32,Software,Baixa,Resolvido,RH,Ana Souza,N1,4.1,48,Sim
INC-02445,2025-12-16 12:56,2025-12-16 17:38,Hardware,Média,Resolvido,Diretoria,Bruno Reis,N2,4.7,24,Sim
INC-01868,2025-12-17 09:25,2025-12-17 14:37,Hardware,Baixa,Resolvido,Diretoria,Bruno Reis,N2,5.2,48,Sim
INC-01218,2025-12-17 09:47,2025-12-17 10:29,Software,Baixa,Resolvido,Operações,Fernanda Cruz,N3,0.7,48,Sim
INC-00634,2025-12-17 11:28,2025-12-18 02:10,Rede/Internet,Média,Resolvido,Logística,Carlos Lima,N1,14.7,24,Sim
INC-00412,2025-12-17 12:16,2025-12-17 14:40,Software,Média,Resolvido,Comercial,Diego Alves,N2,2.4,24,Sim
INC-00807,2025-12-17 13:17,2025-12-17 14:05,Acesso/Senha,Alta,Resolvido,Operações,Bruno Reis,N2,0.8,8,Sim
INC-00659,2025-12-17 13:47,2025-12-18 00:41,Software,Baixa,Resolvido,Logística,Bruno Reis,N2,10.9,48,Sim
INC-01628,2025-12-18 07:11,2025-12-18 11:23,Software,Baixa,Resolvido,RH,Diego Alves,N2,4.2,48,Sim
INC-00065,2025-12-18 07:15,2025-12-18 07:27,Software,Crítica,Resolvido,Comercial,Bruno Reis,N2,0.2,4,Sim
INC-00194,2025-12-18 09:42,2025-12-18 17:24,Rede/Internet,Média,Resolvido,Operações,Ana Souza,N1,7.7,24,Sim
INC-01327,2025-12-18 10:16,2025-12-18 23:04,Hardware,Baixa,Resolvido,Diretoria,Carlos Lima,N1,12.8,48,Sim
INC-02218,2025-12-18 10:48,2025-12-18 12:24,Sistema Interno,Baixa,Resolvido,Logística,Fernanda Cruz,N3,1.6,48,Sim
INC-01354,2025-12-18 12:35,2025-12-18 14:59,Software,Baixa,Resolvido,Logística,Bruno Reis,N2,2.4,48,Sim
INC-02366,2025-12-18 13:54,2025-12-18 21:18,Impressora,Média,Resolvido,Comercial,Bruno Reis,N2,7.4,24,Sim
INC-01351,2025-12-18 17:41,2025-12-18 20:53,Software,Alta,Resolvido,Logística,Carlos Lima,N1,3.2,8,Sim
INC-01078,2025-12-19 09:15,2025-12-19 10:15,Acesso/Senha,Média,Resolvido,RH,Diego Alves,N2,1.0,24,Sim
INC-00273,2025-12-19 09:42,2025-12-19 11:18,Acesso/Senha,Média,Resolvido,Financeiro,Carlos Lima,N1,1.6,24,Sim
INC-00763,2025-12-19 10:37,2025-12-19 11:01,Acesso/Senha,Alta,Resolvido,Financeiro,Carlos Lima,N1,0.4,8,Sim
INC-00263,2025-12-19 12:29,2025-12-19 15:35,Email,Baixa,Resolvido,Comercial,Fernanda Cruz,N3,3.1,48,Sim
INC-00372,2025-12-19 12:56,2025-12-19 17:56,Acesso/Senha,Média,Resolvido,RH,Carlos Lima,N1,5.0,24,Sim
INC-00040,2025-12-20 07:57,2025-12-20 12:45,Acesso/Senha,Baixa,Resolvido,Operações,Bruno Reis,N2,4.8,48,Sim
INC-01989,2025-12-20 16:55,2025-12-20 17:07,Acesso/Senha,Baixa,Resolvido,Logística,Carlos Lima,N1,0.2,48,Sim
INC-00271,2025-12-22 07:23,2025-12-24 08:47,Hardware,Baixa,Resolvido,Financeiro,Diego Alves,N2,49.4,48,Não
INC-01047,2025-12-22 07:56,2025-12-22 13:14,Hardware,Baixa,Resolvido,Diretoria,Fernanda Cruz,N3,5.3,48,Sim
INC-01108,2025-12-22 08:00,2025-12-22 08:24,Email,Média,Resolvido,Logística,Bruno Reis,N2,0.4,24,Sim
INC-00125,2025-12-22 09:10,2025-12-22 14:16,Email,Média,Resolvido,TI,Ana Souza,N1,5.1,24,Sim
INC-00260,2025-12-22 09:35,2025-12-22 10:35,Software,Média,Resolvido,Logística,Ana Souza,N1,1.0,24,Sim
INC-00767,2025-12-22 09:40,2025-12-22 22:04,Rede/Internet,Média,Resolvido,Diretoria,Carlos Lima,N1,12.4,24,Sim
INC-01074,2025-12-22 09:42,2025-12-22 09:54,Acesso/Senha,Baixa,Resolvido,Comercial,Ana Souza,N1,0.2,48,Sim
INC-01146,2025-12-22 12:56,2025-12-22 13:38,Acesso/Senha,Média,Resolvido,Logística,Bruno Reis,N2,0.7,24,Sim
INC-01493,2025-12-22 13:25,2025-12-22 14:01,Acesso/Senha,Baixa,Resolvido,Diretoria,Bruno Reis,N2,0.6,48,Sim
INC-00752,2025-12-22 13:38,2025-12-23 02:08,Impressora,Baixa,Resolvido,Operações,Bruno Reis,N2,12.5,48,Sim
INC-00826,2025-12-22 14:39,2025-12-22 16:51,Impressora,Crítica,Resolvido,Diretoria,Carlos Lima,N1,2.2,4,Sim
INC-01912,2025-12-22 16:43,2025-12-22 23:13,Software,Média,Resolvido,Diretoria,Ana Souza,N1,6.5,24,Sim
INC-02108,2025-12-23 12:49,2025-12-23 13:13,Acesso/Senha,Baixa,Resolvido,RH,Carlos Lima,N1,0.4,48,Sim
INC-02375,2025-12-24 10:52,2025-12-24 11:16,Sistema Interno,Baixa,Resolvido,Comercial,Bruno Reis,N2,0.4,48,Sim
INC-01565,2025-12-24 12:37,2025-12-24 23:31,Acesso/Senha,Baixa,Resolvido,RH,Fernanda Cruz,N3,10.9,48,Sim
INC-00482,2025-12-24 14:40,2025-12-24 16:10,Acesso/Senha,Média,Resolvido,Diretoria,Diego Alves,N2,1.5,24,Sim
INC-01968,2025-12-25 10:10,2025-12-25 10:52,Software,Alta,Resolvido,Diretoria,Bruno Reis,N2,0.7,8,Sim
INC-02453,2025-12-25 11:50,2025-12-25 17:38,Rede/Internet,Média,Resolvido,Logística,Ana Souza,N1,5.8,24,Sim
INC-00522,2025-12-25 14:02,2025-12-26 05:32,Sistema Interno,Baixa,Resolvido,Financeiro,Carlos Lima,N1,15.5,48,Sim
INC-01808,2025-12-26 08:12,,Rede/Internet,Baixa,Em andamento,Comercial,Ana Souza,N1,,48,
INC-02329,2025-12-26 09:06,2025-12-26 12:42,Acesso/Senha,Baixa,Resolvido,Comercial,Ana Souza,N1,3.6,48,Sim
INC-01400,2025-12-26 10:04,2025-12-26 16:28,Hardware,Baixa,Resolvido,Diretoria,Diego Alves,N2,6.4,48,Sim
INC-00253,2025-12-26 10:41,2025-12-27 01:53,Rede/Internet,Baixa,Resolvido,Comercial,Bruno Reis,N2,15.2,48,Sim
INC-00724,2025-12-26 11:12,2025-12-27 07:06,Hardware,Baixa,Resolvido,Logística,Bruno Reis,N2,19.9,48,Sim
INC-00537,2025-12-26 13:30,,Hardware,Média,Em andamento,Financeiro,Diego Alves,N2,,24,
INC-00299,2025-12-28 08:19,2025-12-28 11:01,Acesso/Senha,Média,Resolvido,Operações,Ana Souza,N1,2.7,24,Sim
INC-00459,2025-12-28 14:19,2025-12-29 05:13,Impressora,Média,Resolvido,Logística,Bruno Reis,N2,14.9,24,Sim
INC-02371,2025-12-29 08:47,2025-12-30 12:23,Hardware,Alta,Resolvido,Operações,Diego Alves,N2,27.6,8,Não
INC-00812,2025-12-29 10:43,,Software,Baixa,Em andamento,RH,Fernanda Cruz,N3,,48,
INC-02002,2025-12-29 10:58,,Impressora,Média,Aberto,Comercial,Ana Souza,N1,,24,
INC-01043,2025-12-29 11:53,,Impressora,Baixa,Aberto,Logística,Carlos Lima,N1,,48,
INC-01993,2025-12-29 12:57,2025-12-29 16:45,Rede/Internet,Baixa,Resolvido,Financeiro,Diego Alves,N2,3.8,48,Sim
INC-02174,2025-12-29 13:31,,Rede/Internet,Crítica,Em andamento,TI,Bruno Reis,N2,,4,
INC-00635,2025-12-29 13:55,,Acesso/Senha,Média,Aberto,Financeiro,Fernanda Cruz,N3,,24,
INC-00102,2025-12-29 14:36,2025-12-29 17:12,Rede/Internet,Baixa,Resolvido,Comercial,Fernanda Cruz,N3,2.6,48,Sim
INC-01131,2025-12-29 14:51,,Email,Alta,Em andamento,TI,Carlos Lima,N1,,8,
INC-01510,2025-12-29 15:14,2025-12-30 13:14,Hardware,Média,Resolvido,RH,Ana Souza,N1,22.0,24,Sim
INC-01967,2025-12-30 07:25,,Impressora,Média,Em andamento,TI,Fernanda Cruz,N3,,24,
INC-02406,2025-12-30 08:10,2025-12-30 13:34,Rede/Internet,Baixa,Resolvido,Logística,Fernanda Cruz,N3,5.4,48,Sim
INC-00196,2025-12-30 11:05,2025-12-31 23:11,Hardware,Alta,Resolvido,Diretoria,Fernanda Cruz,N3,36.1,8,Não
INC-02188,2025-12-30 15:14,2025-12-30 17:44,Software,Alta,Resolvido,TI,Carlos Lima,N1,2.5,8,Sim
